time,latitude,longitude,depth,mag,magType,nst,gap,dmin,rms,net,id,updated,place,type,horizontalError,depthError,magError,magNst,status,locationSource,magSource
2026-09-30T08:59:57.230Z,19.40950012207,-155.62399291992,-1.0599999427795,2.58,ml,53,48,0.007532,0.360000014,hv,hv75045792,2026-09-30T09:03:23.530Z,"25 km ESE of Honaunau-Napoopoo, Hawaii",earthquake,0.5,0.709999979,0.37,20,automatic,hv,hv
2026-09-30T08:50:13.397Z,31.615,-104.364,6.6382,3.2,ml,23,74,0.1,0.2,tx,tx2026tfzcgy,2026-09-30T09:07:28.945Z,"62 km S of Whites City, New Mexico",earthquake,0.97510820308746,1.3107704384584,0.1,17,reviewed,tx,tx
2026-09-30T08:39:00.910Z,34.546166666667,-118.8385,0.73,1.21,ml,46,38,0.09288,0.25,ci,ci41340927,2026-09-30T08:42:26.119Z,"15 km NNW of Piru, CA",earthquake,0.21,0.62,0.24975385719132,33,automatic,ci,ci
2026-09-30T08:32:22.090Z,33.423666666667,-117.032,7.49,0.8,ml,47,29,0.03452,0.22,ci,ci41340919,2026-09-30T08:35:52.651Z,"8 km NNE of Pala, CA",earthquake,0.19,0.69,0.13894576374924,19,automatic,ci,ci
2026-09-30T08:30:24.980Z,38.807167053223,-122.74366760254,-0.88999998569489,0.75,md,6,226,0.01414,0.03,nc,nc75441846,2026-09-30T08:32:02.686Z,"2 km SW of Cobb, CA",earthquake,1.68,2.58999991,0.13,7,automatic,nc,nc
2026-09-30T08:22:22.267Z,61.733,-150.176,5,2.5,ml,58,57,0.6,0.7,ak,aka2026tjasea,2026-09-30T08:34:25.719Z,"7 km WSW of Willow, Alaska",earthquake,2.2,,0.1,33,automatic,ak,ak
2026-09-30T08:15:17.486Z,-5.435,152.1328,28.026,5.1,mb,54,133,1.236,0.8,us,us6000tyit,2026-09-30T08:31:11.040Z,"121 km S of Kokopo, Papua New Guinea",earthquake,12.05,5.675,0.084,46,reviewed,us,us
2026-09-30T08:08:34.915Z,61.516,-151.368,9.7,0.7,ml,6,329,0.2,0.5,ak,aka2026tjagfl,2026-09-30T08:09:29.661Z,"44 km NNW of Beluga, Alaska",earthquake,136.1,39.4261,0.4,4,automatic,ak,ak
2026-09-30T08:07:03.661Z,64.424,-146.122,4.6,1.7,ml,23,71,0.4,0.5,ak,aka2026tjaexe,2026-09-30T08:08:39.387Z,"23 km ENE of Harding-Birch Lakes, Alaska",earthquake,2.6,2.6075,0.1,15,automatic,ak,ak
2026-09-30T08:05:02.294Z,58.268,-155.168,0.7,0.6,ml,7,94,0,0.2,ak,aka2026tjaddo,2026-09-30T08:05:39.232Z,"88 km NNW of Karluk, Alaska",earthquake,8.3,11.8737,0.2,4,automatic,ak,ak
2026-09-30T08:04:51.470Z,38.839000701904,-122.78616333008,1.3200000524521,0.78,md,9,90,0.003318,0.05,nc,nc75441841,2026-09-30T08:06:27.120Z,"6 km WNW of Cobb, CA",earthquake,0.42,0.560000002,0.27,9,automatic,nc,nc
2026-09-30T07:57:40.070Z,38.779167175293,-122.72450256348,1.5499999523163,1.15,md,15,75,0.01038,0.02,nc,nc75441836,2026-09-30T07:59:17.279Z,"3 km E of The Geysers, CA",earthquake,0.25,0.419999987,0.14,14,automatic,nc,nc
2026-09-30T07:52:49.210Z,33.711166666667,-116.827,14.61,0.62,ml,28,89,0.08422,0.13,ci,ci41340911,2026-09-30T07:56:10.642Z,"7 km ESE of Valle Vista, CA",earthquake,0.24,0.31,0.10238243333207,10,automatic,ci,ci
2026-09-30T07:38:21.550Z,33.463666666667,-116.463,2.6,0.87,ml,49,57,0.1204,0.21,ci,ci41340903,2026-09-30T07:41:49.873Z,"22 km ESE of Anza, CA",earthquake,0.2,0.86,0.18260512693759,22,automatic,ci,ci
2026-09-30T07:33:56.052Z,64.233,-148.509,15.9,0.8,ml,7,189,0.3,0.3,ak,aka2026tizcep,2026-09-30T07:35:20.374Z,"32 km E of Clear, Alaska",earthquake,8.5,5.2666,0.2,4,automatic,ak,ak
2026-09-30T07:29:49.119Z,58.261,-155.139,5,0.7,ml,10,88,0,0.2,ak,aka2026tiyypp,2026-09-30T07:30:28.585Z,"87 km NNW of Karluk, Alaska",earthquake,5.8,,0.2,7,automatic,ak,ak
2026-09-30T07:16:33.400Z,19.334999084473,-155.10333251953,0.95999997854233,2.29,ml,41,138,0.04882,0.230000004,hv,hv75045757,2026-09-30T07:19:56.600Z,"14 km SSE of Fern Forest, Hawaii",earthquake,0.34,0.409999996,0.72,6,automatic,hv,hv
2026-09-30T07:10:46.346Z,62.167,-150.042,16.3,1.4,ml,10,127,0.3,0.4,ak,aka2026tiygwf,2026-09-30T07:13:37.278Z,"9 km W of Susitna North, Alaska",earthquake,7.3,4.7071,0.1,7,automatic,ak,ak
2026-09-30T07:07:16.005Z,-63.5619,171.414,10,5.2,mww,27,81,14.433,1.18,us,us6000tyik,2026-09-30T07:42:11.040Z,"Balleny Islands region",earthquake,12.73,1.859,0.078,16,reviewed,us,us
2026-09-30T06:50:03.339Z,-20.988,168.4237,10,5,mb,34,163,1.855,1,us,us6000tyid,2026-09-30T07:07:04.040Z,"83 km NE of Tadine, New Caledonia",earthquake,5.6,1.925,0.111,26,reviewed,us,us
2026-09-30T06:48:58.730Z,38.824165344238,-122.80416870117,2.710000038147,1.05,md,15,61,0.004676,0.03,nc,nc75441831,2026-09-30T06:50:35.686Z,"7 km NW of The Geysers, CA",earthquake,0.31,0.730000019,0.3,14,automatic,nc,nc
2026-09-30T06:40:36.720Z,34.5505,-118.84483333333,1.26,1.31,ml,38,38,0.09259,0.3,ci,ci41340895,2026-09-30T06:44:01.706Z,"16 km NNW of Piru, CA",earthquake,0.25,0.69,0.29062956006365,34,automatic,ci,ci
2026-09-30T06:36:36.280Z,19.313667297363,-155.23283386231,1.1000000238419,1.74,md,41,130,0.03318,0.230000004,hv,hv75045727,2026-09-30T06:40:05.770Z,"14 km S of Volcano, Hawaii",earthquake,0.27,0.460000008,0.12205658958097,11,automatic,hv,hv
2026-09-30T06:34:01.708Z,58.084,-156.421,4.2,1.9,ml,30,109,0.3,0.6,ak,aka2026tixcfs,2026-09-30T06:35:40.577Z,"58 km ESE of Egegik, Alaska",earthquake,3.3,2.4485,0.2,22,automatic,ak,ak
2026-09-30T06:20:33.780Z,38.820167541504,-122.81366729736,2.7200000286102,1.09,md,12,85,0.004274,0.02,nc,nc75441821,2026-09-30T06:22:10.615Z,"7 km NW of The Geysers, CA",earthquake,0.41,0.620000005,0.26,14,automatic,nc,nc
2026-09-30T06:18:47.620Z,38.835834503174,-122.81632995606,1.8899999856949,1.29,md,20,63,0.01335,0.03,nc,nc75441816,2026-09-30T06:52:22.844Z,"8 km W of Cobb, CA",earthquake,0.22,0.439999998,0.13,21,automatic,nc,nc
2026-09-30T06:09:24.140Z,33.5745,-116.716,11.7,0.78,ml,49,34,0.02001,0.15,ci,ci41340887,2026-09-30T06:12:52.946Z,"4 km WNW of Anza, CA",earthquake,0.13,0.3,0.18608609762442,21,automatic,ci,ci
2026-09-30T06:00:51.370Z,33.258333333333,-116.3175,12.54,0.79,ml,54,31,0.07989,0.21,ci,ci41340879,2026-09-30T06:04:19.945Z,"5 km E of Borrego Springs, CA",earthquake,0.2,0.6,0.21845899902807,18,automatic,ci,ci
2026-09-30T05:53:45.520Z,34.1045,-117.42816666667,5.24,0.84,ml,61,27,0.01007,0.19,ci,ci41340871,2026-09-30T05:57:16.001Z,"3 km ENE of Fontana, CA",earthquake,0.18,0.34,0.2205684813341,27,automatic,ci,ci
2026-09-30T05:48:49.490Z,37.271999359131,-122.17016601562,-0.34000000357628,1.3,md,8,93,0.03349,0.24,nc,nc75441811,2026-09-30T06:22:20.647Z,"11 km SW of Loyola, CA",earthquake,1.97,4.88999987,0.22,7,automatic,nc,nc
2026-09-30T05:48:10.510Z,35.647833333333,-117.82933333333,1.35,0.88,ml,6,182,0.1687,0.21,ci,ci41340863,2026-09-30T05:51:41.601Z,"2 km W of Inyokern, CA",earthquake,1.7,1.9,0.21495900414978,10,automatic,ci,ci
2026-09-30T05:39:28.450Z,33.707166666667,-116.7505,17.41,0.52,ml,13,248,0.03055,0.07,ci,ci41340855,2026-09-30T05:42:53.561Z,"5 km SW of Idyllwild, CA",earthquake,0.36,0.42,0.1102770887122,9,automatic,ci,ci
2026-09-30T05:30:41.764Z,57.637,-155.105,64.3,2,ml,32,154,0.4,0.5,ak,aka2026tiuzhv,2026-09-30T05:34:50.414Z,"39 km W of Karluk, Alaska",earthquake,6.8,4.0305,0.3,25,automatic,ak,ak
2026-09-30T05:29:30.327Z,61.558,-146.428,9,1.6,ml,29,123,0.5,0.8,ak,aka2026tiuyhu,2026-09-30T05:31:15.085Z,"47 km N of Valdez, Alaska",earthquake,3.2,1.9095,0.1,16,automatic,ak,ak
2026-09-30T05:28:41.120Z,33.715666666667,-116.82966666667,15.16,0.62,ml,33,45,0.08351,0.13,ci,ci41340847,2026-09-30T05:32:04.569Z,"7 km ESE of Valle Vista, CA",earthquake,0.23,0.38,0.1153559064585,13,automatic,ci,ci
2026-09-30T05:20:59.067Z,38.3276,23.2795,9.833,4.6,mb,34,63,1.012,0.55,us,us6000tyhn,2026-09-30T09:01:31.040Z,"3 km W of Thívai, Greece",earthquake,5.24,4.504,0.078,49,reviewed,us,us
2026-09-30T05:19:02.003Z,58.048,-155.784,15,1,ml,10,257,0.1,0.6,ak,aka2026tiupgg,2026-09-30T05:19:50.498Z,"87 km SE of King Salmon, Alaska",earthquake,12.7,12.855,0.2,6,automatic,ak,ak
2026-09-30T05:18:48.020Z,33.515833333333,-116.74316666667,4.01,0.71,ml,49,32,0.04965,0.19,ci,ci41340839,2026-09-30T05:22:15.790Z,"8 km SW of Anza, CA",earthquake,0.15,0.36,0.17761655559189,18,automatic,ci,ci
2026-09-30T05:15:15.368Z,58.293,-154.976,5,0.9,ml,12,134,0,0.2,ak,aka2026tiulya,2026-09-30T05:15:49.049Z,"86 km NNW of Karluk, Alaska",earthquake,7.2,,0.2,4,automatic,ak,ak
2026-09-30T05:00:24.971Z,23.8027,122.9149,10.792,5.6,mww,94,46,0.667,1.07,us,us6000tyhk,2026-09-30T08:39:17.440Z,"74 km S of Yonakuni, Japan",earthquake,4.11,4.148,0.062,25,reviewed,us,us
2026-09-30T04:58:47.982Z,58.177,-155.328,5,0.7,ml,9,72,0,0.2,ak,aka2026titxrc,2026-09-30T04:59:32.289Z,"85 km NW of Karluk, Alaska",earthquake,6.5,,0.1,6,automatic,ak,ak
2026-09-30T04:52:42.790Z,64.459,-146.94,5,1,ml,14,72,0.1,0.3,ak,aka2026titsjx,2026-09-30T04:53:48.175Z,"7 km SSW of Salcha, Alaska",earthquake,4.6,,0.1,5,automatic,ak,ak
2026-09-30T04:48:06.031Z,-63.0088,169.2156,10,5.4,mww,16,129,14.936,0.91,us,us6000tyhi,2026-09-30T06:53:51.082Z,"Balleny Islands region",earthquake,13.03,1.767,0.073,18,reviewed,us,us
2026-09-30T04:44:57.120Z,39.56916809082,-123.30183410644,12.930000305176,1.66,md,8,146,0.09154,0.1,nc,nc75441806,2026-09-30T05:37:26.339Z,"16 km NNE of Brooktrails, CA",earthquake,1.77,3.58999991,0.16,6,automatic,nc,nc
2026-09-30T04:40:50.420Z,33.7145,-116.75983333333,14.44,0.73,ml,39,58,0.03821,0.15,ci,ci41340831,2026-09-30T04:44:19.111Z,"5 km SW of Idyllwild, CA",earthquake,0.19,0.31,0.12197788477775,12,automatic,ci,ci
2026-09-30T04:35:57.960Z,38.78099822998,-122.93599700928,6.5500001907349,1.67,md,25,79,0.0644,0.05,nc,nc75441801,2026-09-30T05:07:24.139Z,"8 km ESE of Cloverdale, CA",earthquake,0.28,0.800000012,0.18,25,automatic,nc,nc
2026-09-30T04:06:59.706Z,17.4713,-93.8603,177.736,4.2,mb,21,140,2.03,1.44,us,us6000tyhe,2026-09-30T04:19:55.040Z,"39 km W of Plan de Ayala, Mexico",earthquake,10.7,15.328,0.077,47,reviewed,us,us
2026-09-30T04:04:06.440Z,37.425834655762,-121.45466613769,3.6500000953674,2.07,md,15,80,0.0436,0.07,nc,nc75441791,2026-09-30T04:42:19.967Z,"26 km WSW of Westley, CA",earthquake,0.31,1.07000005,0.24,12,automatic,nc,nc
2026-09-30T03:59:10.350Z,58.291,-154.981,5,0.7,ml,10,133,0,0.3,ak,aka2026tirxyv,2026-09-30T03:59:49.291Z,"86 km NNW of Karluk, Alaska",earthquake,7.4,,0.1,5,automatic,ak,ak
2026-09-30T03:54:10.522Z,31.614,-104.106,1.8958,1.9,ml,41,69,0,0.2,tx,tx2026tfphbo,2026-09-30T05:14:45.860Z,"44 km NW of Toyah, Texas",earthquake,0.49849897686277,0.80340077453633,0.2,21,reviewed,tx,tx
2026-09-30T03:39:32.940Z,37.502998352051,-118.87349700928,2.9300000667572,1.32,md,13,124,0.09377,0.03,nc,nc75441781,2026-09-30T04:27:22.868Z,"18 km SSE of Mammoth Lakes, CA",earthquake,0.26,1.20000005,0.09,10,automatic,nc,nc
2026-09-30T03:35:16.290Z,38.841999053955,-122.84183502197,1.9299999475479,0.41,md,14,106,0.006014,0.01,nc,nc75441776,2026-09-30T03:36:55.421Z,"10 km NW of The Geysers, CA",earthquake,0.35,0.479999989,0.25,14,automatic,nc,nc
2026-09-30T03:35:02.950Z,38.835166931152,-122.78366851807,2.0199999809265,0.41,md,9,86,0.006137,0.01,nc,nc75441771,2026-09-30T03:36:40.491Z,"5 km WNW of Cobb, CA",earthquake,0.4,0.75999999,0.29,10,automatic,nc,nc
2026-09-30T03:22:14.990Z,38.82500076294,-122.78399658203,1.8799999952316,1.33,md,26,45,0.01201,0.02,nc,nc75441766,2026-09-30T03:57:21.662Z,"5 km W of Cobb, CA",earthquake,0.21,0.330000013,0.13,26,automatic,nc,nc
2026-09-30T03:16:58.760Z,47.407333333333,-122.7165,31.58,1.92,ml,85,40,0.05552,0.22,uw,uw714112222,2026-09-30T03:57:23.991Z,"6 km WNW of Wauna, Washington",earthquake,0.21,0.39,0.16101707105481,44,reviewed,uw,uw
2026-09-30T03:00:27.240Z,34.395168304443,-118.76216888428,10.699999809265,3.8100871496449,mw,119,16,0.08779,0.25999999,ci,ci41340823,2026-09-30T08:37:13.616Z,"4 km SE of Piru, CA",earthquake,0.18,0.519999981,,7,reviewed,ci,ci
2026-09-30T02:39:29.600Z,19.162000656128,-155.49450683594,28.469999313354,1.74,md,17,206,0.08603,0.119999997,hv,hv75045607,2026-09-30T02:43:01.120Z,"4 km SSW of Pāhala, Hawaii",earthquake,1.11,1.20000005,0.16819548908889,13,automatic,hv,hv
2026-09-30T02:35:50.369Z,4.6488,94.8515,33.873,4.5,mb,31,183,5.811,0.92,us,us6000tyh0,2026-09-30T03:01:50.040Z,"112 km SSW of Banda Aceh, Indonesia",earthquake,13.8,7.102,0.121,20,reviewed,us,us
2026-09-30T02:32:48.779Z,64.622,-151.087,17.5,1.5,ml,11,84,0.4,0.6,ak,aka2026tipbcb,2026-09-30T02:33:59.119Z,"47 km SSW of Manley Hot Springs, Alaska",earthquake,4.6,3.197,0.1,4,automatic,ak,ak
2026-09-30T02:30:44.716Z,4.5021,125.7472,156.847,4.5,mb,24,94,2.556,0.8,us,us6000tygz,2026-09-30T02:52:39.040Z,"104 km SSE of Sarangani, Philippines",earthquake,14.33,10.37,0.127,18,reviewed,us,us
2026-09-30T02:27:22.678Z,58.986,-153.927,13.7,2.4,ml,56,60,0.2,0.8,ak,aka2026tiowjc,2026-09-30T02:30:30.704Z,"70 km SE of Kokhanok, Alaska",earthquake,3,1.2473,0.1,39,automatic,ak,ak
2026-09-30T02:16:30.052Z,63.158,-142.927,2.3,1.4,ml,12,89,0.5,0.6,ak,aka2026tiomyi,2026-09-30T02:17:59.909Z,"20 km S of Tok, Alaska",earthquake,7.6,5.0814,0.1,5,automatic,ak,ak
2026-09-30T02:10:57.220Z,19.419666290283,-155.28067016602,0.17000000178814,1.79,ml,17,112,0.003799,0.0799999982,hv,hv75045577,2026-09-30T02:14:25.560Z,"5 km WSW of Volcano, Hawaii",earthquake,0.17,0.170000002,0.39,4,automatic,hv,hv
2026-09-30T02:06:52.350Z,38.831165313721,-122.81983184815,1.6100000143051,0.96,md,15,59,0.01088,0.01,nc,nc75441736,2026-09-30T02:08:30.532Z,"8 km NW of The Geysers, CA",earthquake,0.27,0.600000024,0.33,16,automatic,nc,nc
2026-09-30T01:59:51.136Z,64.552,-146.58,5,0.8,ml,7,114,0.2,0.7,ak,aka2026tinymu,2026-09-30T02:01:09.874Z,"15 km ENE of Salcha, Alaska",earthquake,5.4,,0.3,4,automatic,ak,ak
2026-09-30T01:54:15.270Z,34.903833333333,-119.60533333333,8.95,1.47,ml,39,55,0.06843,0.23,ci,ci41340807,2026-09-30T02:05:07.900Z,"25 km SW of Maricopa, CA",earthquake,0.28,0.73,0.19734739328077,26,automatic,ci,ci
2026-09-30T01:36:41.809Z,38.6963,-119.5602,10.6249,2.1,ml,24,143,0.116,0.2478,nn,nn00925062,2026-09-30T01:38:58.926Z,"1 km W of Topaz Lake, Nevada",earthquake,,0.4965,0.31,11,automatic,nn,nn
2026-09-30T01:34:05.751Z,13.0922,120.4734,10,4.8,mb,52,97,7.814,1.1,us,us6000tygs,2026-09-30T05:50:10.011Z,"18 km SW of Tayaman, Philippines",earthquake,10.43,1.88,0.079,49,reviewed,us,us
2026-09-30T01:17:47.844Z,-21.0085,168.3284,10,4.8,mb,30,143,1.795,0.6,us,us6000tygq,2026-09-30T01:35:08.040Z,"75 km NE of Tadine, New Caledonia",earthquake,8.62,1.918,0.119,22,reviewed,us,us
2026-09-30T01:16:37.450Z,33.266,-116.01266666667,2.52,1.33,ml,56,63,0.0265,0.24,ci,ci41340799,2026-09-30T01:20:02.290Z,"6 km SW of Salton City, CA",earthquake,0.17,0.36,0.16473917764913,26,automatic,ci,ci
2026-09-30T01:07:33.810Z,19.891500473023,-155.88049316406,38.869998931885,2.53,md,46,197,0.21,0.189999998,hv,hv75045547,2026-09-30T02:39:51.040Z,"9 km SSW of Puako, Hawaii",earthquake,0.58,0.860000014,0.10694384183037,11,automatic,hv,hv
2026-09-30T01:04:49.530Z,36.102833333333,-117.902,3.95,1.16,ml,14,193,0.04091,0.13,ci,ci41340791,2026-09-30T01:08:13.072Z,"8 km NNE of Coso Junction, CA",earthquake,0.54,0.38,0.20791447175076,18,automatic,ci,ci
2026-09-30T00:59:33.090Z,35.882333333333,-117.69766666667,2.84,1.26,ml,30,43,0.07586,0.21,ci,ci41340783,2026-09-30T01:02:56.052Z,"20 km ESE of Little Lake, CA",earthquake,0.2,0.78,0.21242351376282,19,automatic,ci,ci
2026-09-30T00:56:30.720Z,36.080665588379,-120.16400146484,4.8499999046326,1.32,md,6,144,0.026,0.01,nc,nc75441716,2026-09-30T02:47:39.179Z,"9 km NNW of Avenal, CA",earthquake,0.46,0.319999993,0.24,5,automatic,nc,nc
2026-09-30T00:55:21.770Z,38.749168395996,-122.71633148193,1.7000000476837,1.05,md,7,187,0.01409,0.01,nc,nc75441711,2026-09-30T00:57:00.088Z,"4 km SW of Anderson Springs, CA",earthquake,0.62,0.660000026,0.09,7,automatic,nc,nc
2026-09-30T00:54:29.590Z,38.800998687744,-122.76916503906,0,1.3,md,23,79,0.007396,0.04,nc,nc75441706,2026-09-30T02:22:24.001Z,"3 km NNW of The Geysers, CA",earthquake,0.19,0.360000014,0.19,22,automatic,nc,nc
2026-09-30T00:49:31.911Z,63.233,-150.572,122,1.9,ml,33,77,0.7,0.5,ak,aka2026tilpqd,2026-09-30T00:51:39.471Z,"67 km ESE of Denali National Park, Alaska",earthquake,4.2,3.5514,0.2,16,automatic,ak,ak
2026-09-30T00:47:45.030Z,33.391833333333,-116.30733333333,11.24,0.69,ml,32,130,0.02945,0.24,ci,ci41340775,2026-09-30T00:51:06.943Z,"16 km NNE of Borrego Springs, CA",earthquake,0.4,0.63,0.1845863695093,13,automatic,ci,ci
2026-09-30T00:42:16.400Z,19.161666870117,-155.49299621582,30.620000839233,2.35,md,44,121,0.02985,0.150000006,hv,hv75045542,2026-09-30T00:45:43.350Z,"4 km SSW of Pāhala, Hawaii",earthquake,0.53,0.639999986,0.13869742074359,10,automatic,hv,hv
2026-09-30T00:39:54.640Z,39.317333221435,-123.21666717529,5.4299998283386,2.24,md,27,43,0.01947,0.09,nc,nc75441701,2026-09-30T01:52:21.804Z,"6 km N of Redwood Valley, CA",earthquake,0.2,0.579999983,0.1,24,automatic,nc,nc
2026-09-30T00:37:31.480Z,38.794498443604,-122.80833435059,2.9700000286102,1.33,md,28,76,0.00741,0.02,nc,nc75441696,2026-09-30T01:37:29.705Z,"5 km WNW of The Geysers, CA",earthquake,0.25,0.409999996,0.19,30,automatic,nc,nc
2026-09-30T00:34:21.450Z,38.794666290283,-122.80916595459,3,1.12,md,23,75,0.007923,0.02,nc,nc75441691,2026-09-30T01:07:22.624Z,"5 km WNW of The Geysers, CA",earthquake,0.25,0.449999988,0.16,24,automatic,nc,nc
2026-09-30T00:33:02.660Z,33.702,-116.71516666667,17,0.63,ml,28,64,0.009181,0.13,ci,ci41340767,2026-09-30T00:36:31.424Z,"4 km S of Idyllwild, CA",earthquake,0.21,0.35,0.091498426564037,13,automatic,ci,ci
2026-09-30T00:30:46.330Z,38.854499816895,-122.80883026123,11.659999847412,0.87,md,8,226,0.01134,0.07,nc,nc75441681,2026-09-30T00:32:24.927Z,"8 km WNW of Cobb, CA",earthquake,1.99,8.75,0.25,9,automatic,nc,nc
2026-09-30T00:30:17.759Z,37.7791,-117.2281,4.2016,1.54,ml,11,126,0.296,0.4138,nn,nn00925058,2026-09-30T00:33:58.770Z,"7 km N of Goldfield, Nevada",earthquake,,7.0237,0.15,2,automatic,nn,nn
2026-09-30T00:27:34.162Z,60.044,-153.062,5,0.5,ml,6,82,0,0.1,ak,aka2026tikwmo,2026-09-30T00:28:11.190Z,"65 km ENE of Pedro Bay, Alaska",earthquake,8.2,,0.2,5,automatic,ak,ak
2026-09-30T00:25:25.138Z,14.3416,-93.8464,10,4.4,mb,38,195,2.538,0.87,us,us6000tygh,2026-09-30T01:26:17.040Z,"142 km SSW of La Esperanza (El Zapotal), Mexico",earthquake,9.5,1.978,0.063,72,reviewed,us,us
2026-09-30T00:23:16.296Z,57.538,-155.836,5,1.5,ml,6,273,0.3,0.3,ak,aka2026tikstr,2026-09-30T00:24:05.067Z,"82 km W of Karluk, Alaska",earthquake,23.5,,0.2,4,automatic,ak,ak
2026-09-30T00:22:41.530Z,33.594166666667,-116.68683333333,2.55,0.55,ml,19,67,0.05102,0.14,ci,ci41340759,2026-09-30T00:26:13.892Z,"5 km NNW of Anza, CA",earthquake,0.19,0.22,0.17254222472184,9,automatic,ci,ci
2026-09-30T00:17:49.620Z,38.794834136963,-122.80999755859,3.1500000953674,1.05,md,18,75,0.008458,0.02,nc,nc75441676,2026-09-30T00:19:24.847Z,"5 km WNW of The Geysers, CA",earthquake,0.26,0.589999974,0.17,19,automatic,nc,nc
2026-09-30T00:08:03.684Z,65.876,-146.873,6.2,1,ml,6,217,0.4,0.1,ak,aka2026tikfou,2026-09-30T00:11:09.934Z,"58 km SSE of Beaver, Alaska",earthquake,22.9,7.2735,0.4,4,automatic,ak,ak
2026-09-29T23:48:22.430Z,19.375667572021,-155.48483276367,6.1799998283386,1.91,md,28,38,0.02631,0.270000011,hv,hv75045517,2026-09-29T23:51:54.770Z,"19 km N of Pāhala, Hawaii",earthquake,0.51,0.980000019,0.056412948348941,9,automatic,hv,hv
2026-09-29T23:42:32.300Z,34.055166666667,-116.9755,15.6,1.06,ml,38,53,0.05047,0.16,ci,ci41340751,2026-09-29T23:45:53.742Z,"7 km ENE of Yucaipa, CA",earthquake,0.2,0.45,0.2148504310322,29,automatic,ci,ci
2026-09-29T23:39:46.170Z,36.236167907715,-120.97799682617,4.8299999237061,2.49,md,7,225,0.3513,0.13,nc,nc75441671,2026-09-29T23:41:20.783Z,"12 km NNE of San Lucas, CA",earthquake,5.65,12.0299997,,1,automatic,nc,nc
2026-09-29T23:38:21.210Z,60.041833333333,-153.15566666667,0.39,-0.67,ml,5,212,0.01949,0.09,av,av94454996,2026-09-30T02:52:02.300Z,"60 km ENE of Pedro Bay, Alaska",earthquake,0.5,0.99,0.3967223211467,5,reviewed,av,av
2026-09-29T23:34:01.960Z,58.183,-155.29066666667,1.78,-0.12,ml,10,95,0.03404,0.06,av,av94454986,2026-09-30T02:47:30.980Z,"84 km NW of Karluk, Alaska",earthquake,0.19,0.4,0.21859470032743,10,reviewed,av,av
2026-09-29T23:29:25.640Z,38.788665771484,-122.74617004394,1.8300000429153,1.04,md,13,85,0.009158,0.02,nc,nc75441666,2026-09-29T23:30:59.859Z,"2 km NE of The Geysers, CA",earthquake,0.3,0.540000021,0.19,13,automatic,nc,nc
2026-09-29T23:27:28.680Z,33.7095,-116.82383333333,15.28,0.77,ml,33,60,0.0863,0.14,ci,ci41340735,2026-09-29T23:31:01.988Z,"8 km ESE of Valle Vista, CA",earthquake,0.22,0.35,0.17264955078669,18,automatic,ci,ci
2026-09-29T23:24:59.170Z,38.814167022705,-122.79166412353,1,0.74,md,7,126,0.006812,0.02,nc,nc75441661,2026-09-29T23:26:34.655Z,"5 km NW of The Geysers, CA",earthquake,0.48,1.04999995,0.19,8,automatic,nc,nc
2026-09-29T23:16:14.170Z,19.155666351318,-155.49234008789,26.020000457764,1.72,md,16,210,0.1211,0.189999998,hv,hv75045507,2026-09-29T23:19:36.060Z,"5 km SSW of Pāhala, Hawaii",earthquake,1.04,1.16999996,0.14986361794115,12,automatic,hv,hv
2026-09-29T23:14:16.120Z,60.686,-152.357,104.7,1.5,ml,25,99,0.1,0.7,ak,aka2026tiikly,2026-09-29T23:16:02.667Z,"57 km W of Salamatof, Alaska",earthquake,6.2,3.5743,0.3,12,automatic,ak,ak
2026-09-29T23:09:55.380Z,38.792999267578,-122.73300170898,1.8099999427795,0.25,md,7,98,0.01017,0.02,nc,nc75441656,2026-09-29T23:11:29.973Z,"3 km NE of The Geysers, CA",earthquake,0.61,0.870000005,0.05,8,automatic,nc,nc
2026-09-29T23:04:19.460Z,47.399166666667,-122.6935,25.29,1.3,ml,25,69,0.1876,0.15,uw,uw714112162,2026-09-30T00:25:02.900Z,"4 km WNW of Wauna, Washington",earthquake,0.27,1.13,0.12479871729251,7,reviewed,uw,uw
2026-09-29T23:02:27.752Z,64.953,-147.476,5.1,1.1,ml,13,63,0.2,0.7,ak,aka2026tiiart,2026-09-29T23:04:00.018Z,"6 km E of Fox, Alaska",earthquake,4.7,5.5829,0.2,5,automatic,ak,ak
2026-09-29T22:59:28.780Z,55.792,-159.943,5,2.2,ml,7,329,0.4,0.3,ak,aka2026tihycs,2026-09-29T23:00:12.957Z,"31 km WSW of Ivanof Bay, Alaska",earthquake,30.4,,0.4,4,automatic,ak,ak
2026-09-29T22:54:25.420Z,31.944666666667,-116.21516666667,14.2,2.11,ml,17,100,0.1317,0.24,ci,ci41340727,2026-09-29T22:58:07.790Z,"39 km ENE of Ensenada, B.C., MX",earthquake,0.43,1.01,0.20234990614319,28,automatic,ci,ci
2026-09-29T21:59:21.610Z,44.888333333333,-123.45216666667,32.64,1.41,md,4,213,0.1933,0.04,uw,uw714112012,2026-09-30T04:18:22.340Z,"2 km NNW of Falls City, Oregon",earthquake,1.56,0.88,0.1361866185211,4,reviewed,uw,uw
2026-09-29T21:50:29.969Z,3.8311,-75.5906,10,4.5,mb,21,123,1.617,0.82,us,us6000tyfk,2026-09-29T22:22:10.040Z,"15 km SW of San Antonio, Colombia",earthquake,6.49,1.968,0.191,8,reviewed,us,us
2026-09-29T21:49:52.290Z,38.794666290283,-122.80883026123,3.1300001144409,0.75,md,20,75,0.007768,0.02,nc,nc75441641,2026-09-29T21:51:30.170Z,"5 km WNW of The Geysers, CA",earthquake,0.29,0.589999974,0.11,20,automatic,nc,nc
2026-09-29T21:48:49.860Z,38.82149887085,-122.80999755859,2.6500000953674,1.04,md,21,52,0.001894,0.01,nc,nc75441636,2026-09-29T21:50:25.166Z,"7 km NW of The Geysers, CA",earthquake,0.25,0.419999987,0.23,25,automatic,nc,nc
2026-09-29T21:47:27.600Z,49.327,-120.5005,-0.51,1.72,ml,8,211,0.5726,0.42,uw,uw714111992,2026-09-30T00:06:17.040Z,"14 km S of Princeton, Canada",explosion,3.07,31.61,0.13770653371985,5,reviewed,uw,uw
2026-09-29T21:47:04.940Z,38.323333740234,-122.80083465576,4.3299999237061,2.23,md,7,212,0.4643,0.17,nc,nc75441631,2026-09-30T00:07:22.181Z,"8 km W of Cotati, CA",earthquake,13.24,13.8100004,,1,automatic,nc,nc
2026-09-29T21:37:31.430Z,38.821998596191,-122.81433105469,2.670000076294,0.77,md,12,57,0.003606,0.01,nc,nc75441626,2026-09-29T21:39:09.101Z,"7 km NW of The Geysers, CA",earthquake,0.35,0.889999986,0.15,14,automatic,nc,nc
2026-09-29T21:32:06.800Z,38.836334228516,-122.79483032227,2.1199998855591,1.15,md,19,64,0.00407,0.02,nc,nc75441621,2026-09-29T23:12:24.788Z,"6 km WNW of Cobb, CA",earthquake,0.23,0.460000008,0.18,20,automatic,nc,nc
2026-09-29T21:30:19.920Z,32.757166666667,-116.9035,4.86,1.45,ml,34,71,0.03921,0.19,ci,ci41340711,2026-09-29T21:33:59.262Z,"3 km ENE of Rancho San Diego, CA",earthquake,0.42,0.81,0.14588827884551,15,automatic,ci,ci
2026-09-29T21:22:12.990Z,35.882666666667,-117.69616666667,4.03,1.44,ml,27,50,0.07496,0.16,ci,ci41340703,2026-09-29T21:25:45.512Z,"20 km ESE of Little Lake, CA",earthquake,0.17,0.4,0.20014495759732,19,automatic,ci,ci
2026-09-29T21:09:05.880Z,52.069166666667,-176.18983333333,3.84,0.48,ml,6,220,0.02559,0.28,av,av94454891,2026-09-30T02:26:30.830Z,"37 km NE of Adak, Alaska",earthquake,1.25,1.53,0.32489293010482,6,reviewed,av,av
2026-09-29T21:07:43.123Z,60.024,-152.044,53.9,1.4,ml,5,287,0.3,0,ak,aka2026tiefdx,2026-09-29T21:08:39.278Z,"19 km WNW of Happy Valley, Alaska",earthquake,135.5,37.1687,0.2,4,automatic,ak,ak
2026-09-29T21:05:56.370Z,47.400333333333,-122.722,27.92,4.15,ml,180,22,0.04201,0.21,uw,uw714111952,2026-09-30T08:54:23.691Z,"6 km WNW of Wauna, Washington",earthquake,0.17,0.39,0.19081965077265,158,reviewed,uw,uw
2026-09-29T21:03:12.876Z,38.3945,-118.7481,0,1.38,ml,11,155,0.065,0.3523,nn,nn00925043,2026-09-30T02:05:23.250Z,"18 km SW of Hawthorne, Nevada",explosion,,0,0.18,8,reviewed,nn,nn
2026-09-29T20:52:30.960Z,38.824501037598,-122.76683044434,2.039999961853,0.93,md,11,119,0.006429,0.01,nc,nc75444527,2026-09-29T20:54:09.325Z,"4 km W of Cobb, CA",earthquake,0.36,0.600000024,0.21,12,automatic,nc,nc
2026-09-29T20:45:50.983Z,17.5267,122.4136,10,4.7,mb,79,92,5.411,0.77,us,us6000tyf0,2026-09-29T21:12:11.040Z,"49 km N of Dicabisagan, Philippines",earthquake,10.1,1.859,0.074,56,reviewed,us,us
2026-09-29T20:39:45.994Z,61.296,-152.349,2.4,0.4,ml,9,118,0,0.3,ak,aka2026tidgzc,2026-09-30T02:23:00.530Z,"69 km WNW of Tyonek, Alaska",earthquake,8.8,13.4694,0.1,4,automatic,ak,ak
2026-09-29T20:22:15.029Z,31.659,-104.297,7.1765,1.8,ml,36,78,0,0.2,tx,tx2026tfahtn,2026-09-29T21:49:02.503Z,"57 km S of Whites City, New Mexico",earthquake,0.63297169262639,0.76834808723236,0.2,28,reviewed,tx,tx
2026-09-29T20:11:38.100Z,28.854,-98.986,8.8348,2.3,ml,18,83,0.1,0.3,tx,tx2026tezyqt,2026-09-29T21:29:34.201Z,"11 km ESE of Pearsall, Texas",earthquake,1.6575497952026,0.9889540527606,0.1,19,reviewed,tx,tx
2026-09-29T20:11:07.480Z,44.599333333333,-117.45916666667,-1.13,2.12,md,4,181,0.2757,0.34,uw,uw714111882,2026-09-29T22:51:02.470Z,"29 km SW of Richland, Oregon",explosion,1.44,31.61,0.15052155938038,4,reviewed,uw,uw
2026-09-29T20:10:05.280Z,61.282166666667,-152.34133333333,3.44,-0.65,ml,9,129,0.02754,0.09,av,av94454841,2026-09-30T02:16:59.160Z,"69 km WNW of Tyonek, Alaska",earthquake,0.45,0.4,0.11566640620741,9,reviewed,av,av
2026-09-29T20:09:30.030Z,38.822334289551,-122.85150146484,2.4400000572205,0.67,md,10,164,0.006684,0.02,nc,nc75444517,2026-09-29T20:11:08.114Z,"10 km WNW of The Geysers, CA",earthquake,0.55,0.730000019,0.48,10,automatic,nc,nc
2026-09-29T19:27:53.520Z,46.485,-122.43083333333,18.65,0.74,ml,21,88,0.1184,0.1,uw,uw714111802,2026-09-29T22:02:11.870Z,"6 km SE of Mossyrock, Washington",earthquake,0.3,0.68,0.11275125167148,2,reviewed,uw,uw
2026-09-29T19:22:22.800Z,18.0525,-66.877,6.45,2.2,md,4,186,0.07706,0.14,pr,pr71535123,2026-09-29T20:04:10.240Z,"3 km ENE of Lluveras, Puerto Rico",earthquake,1.63,1.19,0.19401338284375,4,reviewed,pr,pr
2026-09-29T19:15:57.630Z,51.794166666667,-178.8065,4.41,0.4,ml,5,118,0.02508,0.11,av,av94454806,2026-09-30T02:10:28.690Z,"150 km W of Adak, Alaska",earthquake,0.41,0.86,0.11249424423441,5,reviewed,av,av
2026-09-29T19:08:50.630Z,33.331166666667,-117.14616666667,3.46,1.52,ml,37,63,0.04809,0.18,ci,ci41340671,2026-09-29T19:12:24.232Z,"7 km WSW of Pala, CA",earthquake,0.2,0.42,0.31771063389282,36,automatic,ci,ci
2026-09-29T18:56:43.620Z,38.795833587646,-122.72866821289,1.9299999475479,1.27,md,19,100,0.01407,0.04,nc,nc75444507,2026-09-29T19:57:22.442Z,"3 km S of Cobb, CA",earthquake,0.26,0.529999971,0.18,17,automatic,nc,nc
2026-09-29T18:56:40.760Z,60.02,-153.01316666667,3.36,-1.04,ml,4,239,0.004578,0.14,av,av94454781,2026-09-30T01:44:26.750Z,"66 km ENE of Pedro Bay, Alaska",earthquake,1.68,0.77,0.17499544572194,4,reviewed,av,av
2026-09-29T18:53:56.740Z,38.84033203125,-122.83766937256,1.7599999904633,0.44,md,13,96,0.002436,0.01,nc,nc75444502,2026-09-29T18:55:33.546Z,"10 km NW of The Geysers, CA",earthquake,0.3,0.540000021,0.26,15,automatic,nc,nc
2026-09-29T18:48:10.260Z,33.783,-116.93433333333,12.56,0.82,ml,19,117,0.09334,0.12,ci,ci41340639,2026-09-29T19:30:25.801Z,"2 km E of San Jacinto, CA",earthquake,0.28,0.53,0.068639316580208,8,reviewed,ci,ci
2026-09-29T18:47:28.120Z,38.554164886475,-122.66000366211,0.41999998688698,2.02,md,6,193,0.04221,0.03,nc,nc75444497,2026-09-29T19:32:23.258Z,"7 km WSW of Calistoga, CA",earthquake,1.21,3.20000005,0.1,5,automatic,nc,nc
2026-09-29T18:36:46.810Z,53.906166666667,-166.65033333333,7.34,0.5,ml,6,227,0.03129,0.31,av,av94454766,2026-09-30T02:02:28.030Z,"7 km WNW of Dutch Harbor, Alaska",earthquake,1.15,1.81,0.15088193712745,6,reviewed,av,av
2026-09-29T18:36:46.630Z,33.5855,-116.75766666667,11.86,0.73,ml,25,27,0.009776,0.12,ci,ci41340631,2026-09-29T19:46:16.127Z,"8 km WNW of Anza, CA",earthquake,0.19,0.41,0.066642854362113,12,reviewed,ci,ci
2026-09-29T18:36:41.650Z,53.960666666667,-166.6225,9.57,0.36,ml,5,284,0.0355,0.1,av,av93067559,2026-09-30T02:05:59.320Z,"9 km NW of Dutch Harbor, Alaska",earthquake,0.83,0.91,0.20570068672614,5,reviewed,av,av
2026-09-29T18:21:49.888Z,-22.3093,-67.5824,178.025,4.1,mb,27,77,0.844,0.53,us,us6000tye9,2026-09-29T20:55:14.040Z,"92 km NE of San Pedro de Atacama, Chile",earthquake,8.37,7.374,0.213,6,reviewed,us,us
2026-09-29T18:15:21.438Z,60.374,-151.677,70.6,2.1,ml,54,43,0.4,0.7,ak,aka2026thylub,2026-09-29T18:44:20.736Z,"20 km W of Cohoe, Alaska",earthquake,2.9,3.0199,0.2,31,automatic,ak,ak
2026-09-29T18:13:46.322Z,58.123,-153.165,48.1,1.9,ml,18,130,0.5,0.3,ak,aka2026thykim,2026-09-29T18:14:58.694Z,"16 km WNW of Aleneva, Alaska",earthquake,9.6,13.1263,0.1,5,automatic,ak,ak
2026-09-29T17:58:24.110Z,35.310166666667,-117.7985,6.57,1.73,ml,41,58,0.05759,0.17,ci,ci41340615,2026-09-29T19:09:27.212Z,"16 km WSW of Johannesburg, CA",earthquake,0.16,0.39,0.12949901745978,15,reviewed,ci,ci
2026-09-29T17:52:16.550Z,38.806167602539,-122.79683685303,3.5099999904633,0.75,md,11,60,0.002161,0.02,nc,nc75444467,2026-09-29T17:53:53.265Z,"5 km NW of The Geysers, CA",earthquake,0.42,0.720000029,0.12,12,automatic,nc,nc
2026-09-29T17:45:20.630Z,38.805667877197,-122.79650115967,3.2599999904633,1.29,md,30,42,0.00248,0.02,nc,nc75444462,2026-09-29T18:57:22.091Z,"5 km NW of The Geysers, CA",earthquake,0.24,0.409999996,0.11,29,automatic,nc,nc
2026-09-29T17:43:33.200Z,53.947833333333,-166.6225,11.62,0.27,ml,4,268,0.04014,0.17,av,av94454661,2026-09-30T01:37:55.350Z,"8 km NW of Dutch Harbor, Alaska",earthquake,1.41,0.92,0.19200595874425,4,reviewed,av,av
2026-09-29T17:30:56.979Z,57.55,-155.904,5,1.8,ml,21,249,0.2,0.5,ak,aka2026thwzfz,2026-09-30T01:33:26.010Z,"86 km W of Karluk, Alaska",earthquake,11.3,,0.1,14,automatic,ak,ak
2026-09-29T17:08:11.572Z,58.177,-155.326,5,0.8,ml,10,109,0,0.2,ak,aka2026thwepl,2026-09-29T17:08:39.552Z,"85 km NW of Karluk, Alaska",earthquake,6.6,,0.4,4,automatic,ak,ak
2026-09-29T16:41:18.590Z,48.265,-124.49483333333,30.16,0.77,md,12,173,0.03943,0.14,uw,uw714111622,2026-09-29T19:31:05.370Z,"14 km W of Sekiu, Washington",earthquake,0.57,0.71,0.16878755073821,7,reviewed,uw,uw
2026-09-29T16:28:53.877Z,31.648,-104.488,6.7151,2,ml,21,73,0,0.2,tx,tx2026tesmfm,2026-09-29T21:43:52.801Z,"59 km S of Whites City, New Mexico",earthquake,1.1335033746067,0.65741957280804,0.2,18,reviewed,tx,tx
2026-09-29T16:23:48.470Z,38.808166503906,-122.77383422852,1.7000000476837,0.88,md,12,78,0.007383,0.02,nc,nc75444442,2026-09-29T16:25:23.425Z,"4 km NNW of The Geysers, CA",earthquake,0.33,0.699999988,0.17,14,automatic,nc,nc
2026-09-29T16:12:56.037Z,-19.3714,-174.1824,10,4.8,mb,109,44,4.031,0.72,us,us6000tycv,2026-09-29T17:15:24.040Z,"44 km NNE of Fangale’ounga, Tonga",earthquake,25.29,1.999,0.048,133,reviewed,us,us
2026-09-29T16:09:37.760Z,33.488833333333,-116.58566666667,6.21,0.25,ml,14,84,0.015,0.07,ci,ci41340575,2026-09-29T16:54:20.583Z,"11 km SE of Anza, CA",earthquake,0.17,0.33,0.076818866852464,8,reviewed,ci,ci
2026-09-29T16:06:37.410Z,38.398834228516,-122.42400360107,8.3000001907349,2.58,md,81,32,0.0509,0.15,nc,nc75444432,2026-09-30T06:38:31.610Z,"6 km W of Yountville, CA",earthquake,0.17,0.610000014,0.13,86,automatic,nc,nc
2026-09-29T16:03:54.082Z,61.521,-146.591,44.2,1.3,ml,11,132,0.3,0.4,ak,aka2026thubtz,2026-09-29T16:04:58.413Z,"45 km NNW of Valdez, Alaska",earthquake,5.5,7.6968,0.4,4,automatic,ak,ak
2026-09-29T15:59:52.900Z,38.827667236328,-122.81500244141,2.170000076294,1.13,md,25,42,0.005746,0.02,nc,nc75444417,2026-09-29T17:07:23.358Z,"8 km NW of The Geysers, CA",earthquake,0.2,0.370000005,0.17,27,automatic,nc,nc
2026-09-29T15:54:12.690Z,38.794166564941,-122.80850219727,2.9100000858307,1.7,md,34,76,0.007213,0.03,nc,nc75444412,2026-09-29T16:32:23.047Z,"5 km WNW of The Geysers, CA",earthquake,0.2,0.349999994,0.14,36,automatic,nc,nc
2026-09-29T15:52:19.950Z,33.6695,-116.76366666667,13.38,1.14,ml,41,41,0.05857,0.14,ci,ci41340567,2026-09-29T19:55:27.089Z,"9 km SSW of Idyllwild, CA",earthquake,0.16,0.31,0.17495554846188,21,reviewed,ci,ci
2026-09-29T15:31:18.586Z,-40.9373,-91.4145,10,4.6,mb,59,76,13.749,0.32,us,us6000tycz,2026-09-29T17:55:28.040Z,"West Chile Rise",earthquake,10.09,1.664,0.076,52,reviewed,us,us
2026-09-29T15:26:02.800Z,38.796501159668,-122.76216888428,0.6700000166893,0.75,md,9,69,0.004543,0.04,nc,nc75444407,2026-09-29T15:27:37.926Z,"2 km NNW of The Geysers, CA",earthquake,0.28,0.649999976,0.04,8,automatic,nc,nc
2026-09-29T15:23:04.540Z,38.83466720581,-122.81883239746,1.7699999809265,0.85,md,18,63,0.01317,0.02,nc,nc75444402,2026-09-29T15:24:42.901Z,"8 km NW of The Geysers, CA",earthquake,0.22,0.419999987,0.23,19,automatic,nc,nc
2026-09-29T15:19:49.220Z,33.5765,-116.77,12.12,2.06,ml,92,15,0.01784,0.18,ci,ci41340551,2026-09-29T16:09:43.770Z,"9 km WNW of Anza, CA",earthquake,0.12,0.26,0.1928680812121,82,reviewed,ci,ci
2026-09-29T15:17:18.348Z,-58.7388,-26.0066,114.785,4.9,mb,71,50,7.315,1.13,us,us6000tyck,2026-09-29T17:40:37.040Z,"South Sandwich Islands region",earthquake,9.72,5.084,0.077,53,reviewed,us,us
2026-09-29T15:07:17.570Z,33.576666666667,-116.76533333333,12.32,1.41,ml,56,23,0.01701,0.17,ci,ci41340543,2026-09-29T16:18:49.360Z,"9 km WNW of Anza, CA",earthquake,0.15,0.32,0.17203750032558,37,reviewed,ci,ci
2026-09-29T14:50:55.190Z,38.824333190918,-122.80149841309,2.8900001049042,0.87,md,10,86,0.006764,0.01,nc,nc75444387,2026-09-29T14:52:32.603Z,"7 km NW of The Geysers, CA",earthquake,0.37,0.959999979,0.22,12,automatic,nc,nc
2026-09-29T14:48:12.184Z,31.488,-103.884,6.0999,1.6,ml,17,61,0.1,0.2,tx,tx2026tepfwo,2026-09-29T22:37:47.278Z,"21 km NNW of Toyah, Texas",earthquake,0.54467953687684,2.2321068970179,0.1,13,reviewed,tx,tx
2026-09-29T14:45:11.394Z,61.593,-152.264,132.9,2.1,ml,42,145,0.2,0.7,ak,aka2026thrlmk,2026-09-29T16:23:54.601Z,"63 km SW of Skwentna, Alaska",earthquake,4.4,3.0539,0.3,29,automatic,ak,ak
2026-09-29T14:43:19.790Z,52.084833333333,-175.47316666667,14.26,1.32,ml,7,181,0.296,0.33,av,av93067549,2026-09-30T01:00:24.260Z,"83 km ENE of Adak, Alaska",earthquake,4.13,1.39,0.34464720757817,7,reviewed,av,av
2026-09-29T14:40:28.155Z,54.0783,161.3866,54.014,4.4,mb,61,134,2.403,0.55,us,us6000tych,2026-09-29T17:21:00.040Z,"192 km ESE of Mil’kovo, Russia",earthquake,11.48,7.604,0.071,57,reviewed,us,us
2026-09-29T14:40:27.667Z,58.273,-154.979,3.8,1.3,ml,20,69,0.1,0.4,ak,aka2026thrhkz,2026-09-29T14:42:49.170Z,"84 km NNW of Karluk, Alaska",earthquake,4.8,6.4611,0.3,14,automatic,ak,ak
2026-09-29T14:36:20.739Z,62.513,-150.814,80.7,2,ml,44,52,0,0.7,ak,aka2026thrdwf,2026-09-29T14:39:10.053Z,"3 km NW of Petersville, Alaska",earthquake,2.8,2.9825,0.2,24,automatic,ak,ak
2026-09-29T14:35:45.864Z,28.877,-98.986,8.1914,1.7,ml,13,86,0.1,0.2,tx,tx2026teovfa,2026-09-29T22:54:56.769Z,"10 km E of Pearsall, Texas",earthquake,1.7861672331292,0.94834271211198,0.1,7,reviewed,tx,tx
2026-09-29T14:26:48.175Z,58.281,-155.009,5,0.7,ml,10,138,0,0.3,ak,aka2026thqvpb,2026-09-30T00:42:52.310Z,"85 km NNW of Karluk, Alaska",earthquake,7.1,,0.1,6,automatic,ak,ak
2026-09-29T14:17:41.655Z,31.682,-104.415,7.9456,1.7,ml,37,69,0,0.2,tx,tx2026teofpz,2026-09-29T22:52:34.113Z,"54 km S of Whites City, New Mexico",earthquake,0.87972111608417,0.99568484602919,0.1,22,reviewed,tx,tx
2026-09-29T14:15:57.400Z,37.464668273926,-118.8373336792,3.3399999141693,1.15,md,12,146,0.1253,0.04,nc,nc75444372,2026-09-29T15:07:22.468Z,"18 km SW of Toms Place, CA",earthquake,0.32,1.5,0.23,10,automatic,nc,nc
2026-09-29T14:14:06.077Z,-8.7834,124.0495,157.801,5,mb,30,110,5.676,0.87,us,us6000tyc9,2026-09-29T15:15:34.040Z,"58 km NW of Pante Makasar, Timor Leste",earthquake,27.81,23.71,0.11,26,reviewed,us,us
2026-09-29T14:12:37.184Z,31.658,-104.431,6.51,1.8,ml,36,71,0,0.3,tx,tx2026teobgc,2026-09-29T21:50:13.094Z,"57 km S of Whites City, New Mexico",earthquake,1.0779197029274,0.85284591057835,0.1,20,reviewed,tx,tx
2026-09-29T14:07:43.210Z,61.505,-146.597,2.8,2,ml,40,46,0.5,0.9,ak,aka2026thqfau,2026-09-29T14:09:59.313Z,"43 km NNW of Valdez, Alaska",earthquake,2.6,1.7052,0.2,24,automatic,ak,ak
2026-09-29T13:59:13.670Z,38.836498260498,-122.79033660889,1.7599999904633,0.93,md,8,78,0.001908,0.01,nc,nc75444367,2026-09-29T14:00:48.519Z,"6 km WNW of Cobb, CA",earthquake,0.5,0.680000007,0.32,9,automatic,nc,nc
2026-09-29T13:50:57.820Z,37.464332580566,-118.83399963379,1.7999999523163,1.28,md,12,146,0.1255,0.04,nc,nc75444362,2026-09-29T14:37:24.267Z,"17 km SW of Toms Place, CA",earthquake,0.31,1.95000005,0.2,11,automatic,nc,nc
2026-09-29T13:39:32.410Z,19.157833333333,-155.45716666667,32.54,1.68,ml,43,176,0.005258,0.13,hv,hv75045322,2026-09-29T17:30:52.770Z,"5 km SSE of Pāhala, Hawaii",earthquake,0.5,0.52,0.1508060083758,7,reviewed,hv,hv
2026-09-29T13:37:06.650Z,38.830333709717,-122.80416870117,1.2000000476837,0.45,md,8,84,0.008324,0.01,nc,nc75444357,2026-09-29T13:38:43.061Z,"7 km W of Cobb, CA",earthquake,0.37,0.910000026,0.29,10,automatic,nc,nc
2026-09-29T13:26:08.000Z,38.841167449951,-122.87683105469,2.4300000667572,1.22,md,17,85,0.005949,0.02,nc,nc75444352,2026-09-29T14:07:22.042Z,"13 km NW of The Geysers, CA",earthquake,0.35,0.49000001,0.2,18,automatic,nc,nc
2026-09-29T13:24:21.620Z,46.204,-122.1865,2.88,1.64,md,35,51,0.003864,0.08,uw,uw714111552,2026-09-29T18:23:00.200Z,"38 km NNE of Amboy, Washington",earthquake,0.17,0.22,0.27271371070675,14,reviewed,uw,uw
2026-09-29T13:17:20.834Z,62.194,-148.649,34.8,1.6,ml,16,188,0.4,0.5,ak,aka2026thonjf,2026-09-29T13:18:58.397Z,"45 km NNW of Chickaloon, Alaska",earthquake,7.3,4.3784,0.2,9,automatic,ak,ak
2026-09-29T13:11:44.950Z,38.819999694824,-122.75966644287,1.3899999856949,0.83,md,7,132,0.01317,0.03,nc,nc75444347,2026-09-29T13:13:22.972Z,"3 km W of Cobb, CA",earthquake,0.46,1.05999994,0.25,8,automatic,nc,nc
2026-09-29T13:06:10.191Z,-35.204,-16.1859,10,5.6,mww,131,27,3.643,0.78,us,us6000tyc3,2026-09-29T15:12:51.453Z,"southern Mid-Atlantic Ridge",earthquake,9.3,1.756,0.098,10,reviewed,us,us
2026-09-29T12:54:59.900Z,46.764666666667,-121.9305,7.79,-0.16,md,12,192,0.02627,0.07,uw,uw714111542,2026-09-29T18:38:03.610Z,"7 km E of Ashford, Washington",earthquake,0.4,0.55,0.25784088571133,12,reviewed,uw,uw
2026-09-29T12:40:35.064Z,-20.6773,-174.0813,10,5.4,mb,43,182,7.483,1.12,us,us6000tyc1,2026-09-29T16:48:56.466Z,"99 km SSE of Pangai, Tonga",earthquake,13.69,1.944,0.03,390,reviewed,us,us
2026-09-29T12:36:25.009Z,58.185,-155.29,5,0.9,ml,10,94,0,0.1,ak,aka2026thndwq,2026-09-30T01:14:54.070Z,"84 km NW of Karluk, Alaska",earthquake,6.6,,0.5,4,automatic,ak,ak
2026-09-29T12:27:46.202Z,31.609,-104.089,7.6251,1.7,ml,40,61,0,0.2,tx,tx2026tekovg,2026-09-29T21:55:35.742Z,"43 km NW of Toyah, Texas",earthquake,0.38758793670503,0.38519605595376,0.2,25,reviewed,tx,tx
2026-09-29T12:27:04.050Z,54.113333333333,-165.97983333333,6.06,0.81,ml,12,68,0.01632,0.22,av,av93067464,2026-09-29T21:12:35.060Z,"13 km W of Akutan, Alaska",earthquake,0.43,0.32,0.11855369163436,12,reviewed,av,av
2026-09-29T12:23:28.728Z,64.024,-147.41,5,1.2,ml,12,120,0.4,0.4,ak,aka2026thmsqy,2026-09-29T12:24:37.935Z,"55 km SW of Harding-Birch Lakes, Alaska",earthquake,3.2,,0.2,6,automatic,ak,ak
2026-09-29T12:19:13.898Z,32.284,-101.783,8.2764,1.7,ml,59,19,0,0.1,tx,tx2026tekfve,2026-09-29T17:41:02.900Z,"17 km N of Stanton, Texas",earthquake,0.24853452516763,0.34583793395699,0.1,32,reviewed,tx,tx
2026-09-29T12:18:44.820Z,37.397666931152,-118.60500335693,8.5900001525879,2.51,md,20,129,0.1436,0.08,nc,nc75444342,2026-09-29T15:57:45.911Z,"2 km SSW of Round Valley, CA",earthquake,0.34,2.27999997,0.42,26,automatic,nc,nc
2026-09-29T12:01:52.940Z,36.94649887085,-121.41899871826,8.7299995422363,1.09,md,9,122,0.09461,0.03,nc,nc75444337,2026-09-29T12:03:27.332Z,"11 km N of Hollister, CA",earthquake,0.34,1.70000005,0.2,8,automatic,nc,nc
2026-09-29T11:58:44.260Z,38.792167663574,-122.76166534424,2.9500000476837,0.73,md,8,79,0.02054,0.02,nc,nc75444332,2026-09-29T12:00:22.346Z,"2 km NNW of The Geysers, CA",earthquake,0.48,1.86000001,0.27,9,automatic,nc,nc
2026-09-29T11:57:18.610Z,38.836166381836,-122.79216766357,2.0499999523163,0.73,md,12,70,0.002654,0.02,nc,nc75444327,2026-09-29T11:58:52.296Z,"6 km WNW of Cobb, CA",earthquake,0.32,0.569999993,0.25,12,automatic,nc,nc
2026-09-29T11:55:48.490Z,33.682,-116.73183333333,14.59,0.75,ml,36,50,0.03261,0.11,ci,ci41340519,2026-09-29T13:53:44.230Z,"7 km S of Idyllwild, CA",earthquake,0.15,0.2,0.10331761616892,18,reviewed,ci,ci
2026-09-29T11:39:45.314Z,61.749,-149.476,12.7,1.1,ml,8,122,0.2,0.7,ak,aka2026thlgth,2026-09-29T11:40:56.124Z,"12 km W of Fishhook, Alaska",earthquake,10.7,7.5805,0.3,5,automatic,ak,ak
2026-09-29T11:36:39.240Z,40.4225,-125.41833333333,10,4.77,mw,152,241,0.8203,0.38,nc,nc75444322,2026-09-30T05:56:14.899Z,"97 km W of Petrolia, CA",earthquake,1.11,31.61,,39,reviewed,nc,nc
2026-09-29T11:32:34.580Z,38.836666107178,-122.79233551025,2.2200000286102,1.15,md,18,54,0.002334,0.02,nc,nc75444312,2026-09-29T13:07:21.637Z,"6 km WNW of Cobb, CA",earthquake,0.26,0.49000001,0.13,19,automatic,nc,nc
2026-09-29T11:28:59.900Z,38.835166931152,-122.79266357422,1.960000038147,1.3,md,24,57,0.00371,0.02,nc,nc75444307,2026-09-29T12:42:22.459Z,"6 km WNW of Cobb, CA",earthquake,0.19,0.370000005,0.19,25,automatic,nc,nc
2026-09-29T11:28:17.440Z,53.939333333333,-166.61833333333,10.21,0.11,ml,6,263,0.04693,0.2,av,av93067534,2026-09-29T23:58:49.930Z,"7 km NW of Dutch Harbor, Alaska",earthquake,0.91,1.09,0.15978752433389,6,reviewed,av,av
2026-09-29T11:27:48.406Z,-18.2306,167.5446,10,4.8,mb,26,115,3.845,1.09,us,us6000tybs,2026-09-29T11:45:45.040Z,"98 km SW of Port-Vila, Vanuatu",earthquake,7,1.919,0.124,21,reviewed,us,us
2026-09-29T11:20:57.720Z,33.702833333333,-116.734,15.83,0.6,ml,29,44,0.0185,0.14,ci,ci41340511,2026-09-29T13:52:44.970Z,"4 km SSW of Idyllwild, CA",earthquake,0.21,0.38,0.081729786838268,8,reviewed,ci,ci
2026-09-29T11:20:09.320Z,33.4895,-116.79133333333,10.5,0.61,ml,41,37,0.0198,0.17,ci,ci41340503,2026-09-29T13:52:58.612Z,"9 km NE of Aguanga, CA",earthquake,0.17,0.36,0.17778076394879,18,reviewed,ci,ci
2026-09-29T11:14:59.570Z,19.504667282104,-155.93699645996,14.25,1.78,md,16,223,0.02503,0.300000012,hv,hv75045252,2026-09-29T11:18:29.730Z,"1 km WNW of Captain Cook, Hawaii",earthquake,1.46,1.27999997,0.10351462480764,13,automatic,hv,hv
2026-09-29T11:11:17.722Z,28.855,-98.997,7.5293,1.6,ml,12,83,0.1,0.2,tx,tx2026teibao,2026-09-29T21:58:34.197Z,"10 km ESE of Pearsall, Texas",earthquake,1.6597690704881,1.5010293269451,0.1,7,reviewed,tx,tx
2026-09-29T11:07:10.840Z,17.948833333333,-66.936833333333,9.85,2.35,md,14,184,0.0355,0.13,pr,pr71535103,2026-09-29T11:49:06.230Z,"3 km SW of Guánica, Puerto Rico",earthquake,0.52,0.35,0.19420519873487,7,reviewed,pr,pr
2026-09-29T10:54:08.991Z,28.852,-98.99,8.5075,1.5,ml,13,83,0.1,0.3,tx,tx2026tehmgp,2026-09-29T22:20:05.794Z,"11 km ESE of Pearsall, Texas",earthquake,2.05771450075,2.0256419937778,0.1,7,reviewed,tx,tx
2026-09-29T10:48:29.500Z,19.141166687012,-155.49433898926,27.420000076294,1.76,md,26,161,0.0336,0.209999993,hv,hv75045242,2026-09-29T10:51:56.490Z,"7 km SSW of Pāhala, Hawaii",earthquake,0.8,1.16999996,0.19482916799654,13,automatic,hv,hv
2026-09-29T10:42:57.409Z,-21.3447,168.5924,10,5,mb,31,93,1.65,0.55,us,us6000tybr,2026-09-29T10:59:19.040Z,"77 km ENE of Tadine, New Caledonia",earthquake,10.59,1.926,0.113,25,reviewed,us,us
2026-09-29T10:37:57.610Z,61.504166666667,-151.36383333333,15.45,0.57,ml,9,246,0.226,0.24,av,av94454346,2026-09-29T23:25:16.720Z,"43 km NNW of Beluga, Alaska",earthquake,1.38,2.22,0.05706857453145,3,reviewed,av,av
2026-09-29T10:34:29.280Z,55.456666666667,-161.91316666667,25.07,0.81,ml,10,129,0.05353,0.31,av,av93067519,2026-09-29T23:36:47.650Z,"51 km NNE of King Cove, Alaska",earthquake,1.12,1.44,0.3461254215046,10,reviewed,av,av
2026-09-29T10:34:21.270Z,37.01233291626,-121.47166442871,7.4400000572205,1,md,7,116,0.01659,0.02,nc,nc75444297,2026-09-29T10:35:58.704Z,"9 km E of Gilroy, CA",earthquake,0.56,0.620000005,0.13,5,automatic,nc,nc
2026-09-29T10:26:03.088Z,59.162,-153.117,74.5,2.5,ml,55,222,0.7,1,ak,aka2026thiuub,2026-09-29T10:30:18.975Z,"71 km WSW of Nanwalek, Alaska",earthquake,15.1,7.6967,0.4,35,automatic,ak,ak
2026-09-29T10:24:37.599Z,54.66,-161.5901,49.875,4,mb,37,179,0.877,0.54,us,us6000tybl,2026-09-29T18:27:35.993Z,"64 km SE of King Cove, Alaska",earthquake,5.27,16.046,0.163,10,reviewed,us,us
2026-09-29T10:22:49.156Z,61.544,-149.846,69,1.9,ml,27,86,0.5,0.5,ak,aka2026thisbh,2026-09-29T10:27:17.733Z,"6 km ENE of Big Lake, Alaska",earthquake,5.1,4.03,0.2,19,automatic,ak,ak
2026-09-29T10:22:16.550Z,52.084166666667,-176.15333333333,10.86,0.42,ml,6,137,0.01764,0.16,av,av93067514,2026-09-29T23:16:45.100Z,"40 km NE of Adak, Alaska",earthquake,0.96,0.8,0.1994330672287,6,reviewed,av,av
2026-09-29T10:22:14.613Z,-3.1213,-75.6413,134.763,4.5,mb,83,95,2.879,0.52,us,us6000tybk,2026-09-29T10:47:49.040Z,"96 km ENE of Alianza Cristiana, Peru",earthquake,10.13,7.683,0.061,79,reviewed,us,us
2026-09-29T10:17:58.860Z,33.6415,-117.90483333333,7.68,2.23,ml,90,130,0.04897,0.26,ci,ci41340495,2026-09-30T05:25:27.125Z,"3 km SSE of Costa Mesa, CA",earthquake,0.26,0.4,0.16233997912415,106,reviewed,ci,ci
2026-09-29T10:14:35.593Z,58.195,-136.833,8,3.2,ml,14,165,0.4,1,ak,aka2026thikql,2026-09-30T07:37:45.040Z,"28 km W of Elfin Cove, Alaska",earthquake,7,4.6145,0.4,6,automatic,ak,ak
2026-09-29T10:02:37.210Z,53.940666666667,-166.61083333333,9.85,0.14,ml,6,268,0.04978,0.2,av,av93067509,2026-09-29T23:12:14.760Z,"7 km NW of Dutch Harbor, Alaska",earthquake,1.04,0.81,0.15963452412713,6,reviewed,av,av
2026-09-29T10:00:17.110Z,33.3905,-116.38533333333,3.29,0.96,ml,53,26,0.0654,0.2,ci,ci41340487,2026-09-29T13:54:48.590Z,"15 km N of Borrego Springs, CA",earthquake,0.17,0.58,0.14537062172332,24,reviewed,ci,ci
2026-09-29T09:59:44.500Z,46.864333333333,-121.95183333333,2.41,-0.14,md,21,130,0.00269,0.09,uw,uw714111522,2026-09-29T18:56:12.900Z,"13 km NNE of Ashford, Washington",earthquake,0.34,0.31,0.19613772426372,19,reviewed,uw,uw
2026-09-29T09:57:41.020Z,53.945166666667,-166.57966666667,10.5,0.55,ml,10,150,0.06424,0.2,av,av93067504,2026-09-29T23:02:45.200Z,"6 km NNW of Dutch Harbor, Alaska",earthquake,0.6,0.9,0.17463432343335,10,reviewed,av,av
2026-09-29T09:54:40.950Z,53.9495,-166.6225,11.09,0.1,ml,5,270,0.03933,0.09,av,av93067499,2026-09-29T22:53:44.660Z,"8 km NW of Dutch Harbor, Alaska",earthquake,0.81,0.62,0.14148717990612,6,reviewed,av,av
2026-09-29T09:50:11.265Z,38.9214,-115.2879,0,3.07,ml,8,188,0.375,0.1433,nn,nn00925017,2026-09-30T07:24:52.040Z,"19 km W of Preston, Nevada",earthquake,,0,0.33,2,reviewed,nn,nn
2026-09-29T09:44:46.301Z,58.29,-154.988,5,0.9,ml,6,131,0,0.1,ak,aka2026thhlbd,2026-09-29T22:38:43.690Z,"86 km NNW of Karluk, Alaska",earthquake,9.1,,0.3,5,automatic,ak,ak
2026-09-29T09:39:39.890Z,19.331666666667,-155.13983333333,6.25,2.35,ml,50,95,0.04668,0.11,hv,hv75045217,2026-09-29T14:55:12.170Z,"14 km S of Fern Forest, Hawaii",earthquake,0.27,0.46,0.15689664794229,37,reviewed,hv,hv
2026-09-29T09:22:28.030Z,38.826332092285,-122.81449890137,2.079999923706,1.46,md,27,40,0.004533,0.02,nc,nc75444277,2026-09-29T09:47:28.363Z,"7 km NW of The Geysers, CA",earthquake,0.19,0.360000014,0.14,27,automatic,nc,nc
2026-09-29T09:20:26.803Z,58.283,-154.985,5,0.8,ml,6,134,0,0,ak,aka2026thgpyt,2026-09-29T22:29:42.760Z,"85 km NNW of Karluk, Alaska",earthquake,9,,0.2,6,automatic,ak,ak
