time,latitude,longitude,depth,mag,magType,nst,gap,dmin,rms,net,id,updated,place,type,horizontalError,depthError,magError,magNst,status,locationSource,magSource
2024-06-05T20:10:54.465Z,60.52,-152.0461,78.4,1.2,ml,,,,0.32,ak,ak02477zcezq,2024-06-05T20:12:37.715Z,"41 km WSW of Salamatof, Alaska",earthquake,,0.7,,,automatic,ak,ak
2024-06-05T20:04:38.039Z,58.6685,-155.0456,13.8,1.1,ml,,,,0.2,ak,ak02477zb3ff,2024-06-05T20:06:05.425Z,"87 km S of Kokhanok, Alaska",earthquake,,0.5,,,automatic,ak,ak
2024-06-05T19:57:26.169Z,31.517,-104.006,4.9164,2.6,ml,14,66,0,0.2,tx,tx2024laoa,2024-06-05T20:11:17.591Z,"30 km NW of Toyah, Texas",earthquake,0,1.54077742250109,0.2,11,automatic,tx,tx
2024-06-05T19:55:07.310Z,35.6748333,-117.5281667,3.23,0.86,ml,23,115,0.0856,0.12,ci,ci40615415,2024-06-05T20:01:00.794Z,"15 km ENE of Ridgecrest, CA",earthquake,0.18,0.38,0.162,8,automatic,ci,ci
2024-06-05T19:52:06.805Z,64.5649,-153.8416,0,1.6,ml,,,,0.79,ak,ak02477yzvs8,2024-06-05T19:54:16.068Z,"80 km ESE of Ruby, Alaska",earthquake,,0.4,,,automatic,ak,ak
2024-06-05T19:44:54.390Z,38.7983322143555,-122.75,1.46000003814697,0.25,md,9,97,0.007927,0.02,nc,nc75016847,2024-06-05T19:46:31.993Z,"2 km NNE of The Geysers, CA",earthquake,0.32,0.689999998,0.04,8,automatic,nc,nc
2024-06-05T19:42:35.514Z,61.8994,-148.2306,31.3,1.5,ml,,,,0.72,ak,ak02477yxsrv,2024-06-05T19:45:09.894Z,"16 km NE of Chickaloon, Alaska",earthquake,,0.1,,,automatic,ak,ak
2024-06-05T19:22:33.912Z,31.508,-104.044,4.0439,1.8,ml,13,113,0,0.7,tx,tx2024lamv,2024-06-05T19:48:02.417Z,"32 km NW of Toyah, Texas",earthquake,0,1.61932902051106,0.2,11,automatic,tx,tx
2024-06-05T19:19:56.490Z,35.3176667,-118.5201667,7.9,1.17,ml,32,66,0.08543,0.17,ci,ci40615399,2024-06-05T19:26:33.716Z,"22 km NNW of Tehachapi, CA",earthquake,0.2,0.64,0.27,15,automatic,ci,ci
2024-06-05T19:19:00.656Z,31.516,-104.008,4.8262,1.7,ml,12,67,0,0.2,tx,tx2024lamt,2024-06-05T19:25:19.232Z,"30 km NW of Toyah, Texas",earthquake,0,1.42453048399754,0.2,10,automatic,tx,tx
2024-06-05T19:09:12.110Z,38.5103340148926,-119.510833740234,3.36999988555908,2.72,md,12,112,0.07582,0.02,nc,nc75016842,2024-06-05T19:11:39.343Z,"3 km W of Walker, CA",earthquake,0.33,1.36000001,0.18,20,automatic,nc,nc
2024-06-05T19:02:10.910Z,33.0271667,-115.9843333,9.38,0.96,ml,23,115,0.1405,0.2,ci,ci40615367,2024-06-05T19:08:07.801Z,"19 km SE of Ocotillo Wells, CA",earthquake,0.29,1.01,0.185,15,automatic,ci,ci
2024-06-05T18:59:28.227Z,63.2692,-151.8355,1.5,1.4,ml,,,,0.63,ak,ak02477yfzui,2024-06-05T19:01:59.252Z,"30 km S of Denali National Park, Alaska",earthquake,,0.4,,,automatic,ak,ak
2024-06-05T18:47:45.960Z,38.8028335571289,-122.782165527344,2.80999994277954,1.07,md,13,62,0.01047,0.02,nc,nc75016837,2024-06-05T18:49:20.598Z,"4 km NNW of The Geysers, CA",earthquake,0.38,0.589999974,0.31,15,automatic,nc,nc
2024-06-05T18:44:21.760Z,37.9228324890137,-121.956169128418,-0.219999998807907,1.74,md,8,120,0.04016,0.09,nc,nc75016832,2024-06-05T18:59:25.075Z,"3 km SW of Clayton, CA",earthquake,0.86,5.5,0.04,3,automatic,nc,nc
2024-06-05T18:41:16.001Z,51.603,177.9268,124.066,3.9,mb,55,192,0.534,0.91,us,us7000mqjv,2024-06-05T19:01:43.040Z,"Rat Islands, Aleutian Islands, Alaska",earthquake,12.75,9.01,0.077,45,reviewed,us,us
2024-06-05T18:41:00.960Z,38.8261680603027,-122.762832641602,1.87000000476837,0.72,md,8,132,0.007003,0.01,nc,nc75016827,2024-06-05T18:42:36.394Z,"3 km WNW of Cobb, CA",earthquake,0.42,0.620000005,0.23,9,automatic,nc,nc
2024-06-05T18:39:50.620Z,33.3856659,-116.5271683,-1.17,0.97,ml,12,78,0.2001,0.27,ci,ci40615343,2024-06-05T18:46:25.374Z,"15 km NE of Warner Springs, CA",earthquake,0.62,2.01,0.375,11,automatic,ci,ci
2024-06-05T18:23:07.020Z,38.8330001831055,-122.810668945312,2.05999994277954,1.07,md,25,45,0.009602,0.02,nc,nc75016817,2024-06-05T18:24:41.514Z,"8 km WNW of Cobb, CA",earthquake,0.19,0.379999995,0.11,25,automatic,nc,nc
2024-06-05T18:21:15.910Z,33.894,-116.2445,3.1,0.86,ml,28,62,0.06694,0.17,ci,ci40615319,2024-06-05T18:27:21.709Z,"16 km ENE of Thousand Palms, CA",earthquake,0.2,0.75,0.179,14,automatic,ci,ci
2024-06-05T18:19:40.095Z,-23.5523,-179.5815,563.328,4.7,mb,28,121,5.878,0.61,us,us7000mqjt,2024-06-05T18:41:24.040Z,"south of the Fiji Islands",earthquake,13.25,10.946,0.094,34,reviewed,us,us
2024-06-05T18:17:44.034Z,60.0425,-140.4594,20.1,1.8,ml,,,,0.12,ak,ak02477y70zn,2024-06-05T18:19:10.456Z,"68 km NW of Yakutat, Alaska",earthquake,,0.3,,,automatic,ak,ak
2024-06-05T18:15:33.413Z,31.63,-104.507,6.8176,1.6,ml,23,74,0,0.1,tx,tx2024lakq,2024-06-05T19:21:52.079Z,"61 km SSW of Whites City, New Mexico",earthquake,1.066780169277458,0.5533276520808184,0.1,17,reviewed,tx,tx
2024-06-05T18:13:28.761Z,64.979,-147.4601,0,1.7,ml,,,,0.84,ak,ak02477y64y4,2024-06-05T18:15:32.187Z,"7 km ENE of Fox, Alaska",earthquake,,0.4,,,automatic,ak,ak
2024-06-05T18:10:29.500Z,35.9481658935547,-120.938499450684,9,0.39,md,5,120,0.08632,0.01,nc,nc75016812,2024-06-05T18:12:06.429Z,"9 km SSW of San Ardo, CA",earthquake,0.43,1.77999997,0.32,3,automatic,nc,nc
2024-06-05T17:48:07.303Z,51.1598,179.6884,27.772,3.4,ml,20,224,0.327,0.45,us,us7000mqjs,2024-06-05T18:45:48.040Z,"267 km WSW of Adak, Alaska",earthquake,5.26,11.44,0.079,21,reviewed,us,us
2024-06-05T17:45:18.100Z,46.213166666666666,-122.1975,3.23,0.1,md,5,212,0.01416,0.04,uw,uw62004512,2024-06-05T19:47:28.500Z,"38 km NNE of Amboy, Washington",earthquake,6.74,2.65,0.03658313842684491,4,reviewed,uw,uw
2024-06-05T17:40:04.190Z,33.7543333,-117.1026667,1.66,1.04,ml,27,188,0.04841,0.24,ci,ci40615271,2024-06-05T17:46:34.505Z,"3 km NW of Green Acres, CA",earthquake,0.65,0.43,0.216,31,automatic,ci,ci
2024-06-05T17:37:33.980Z,38.8110008239746,-122.828330993652,1.61000001430511,0.84,md,9,72,0.00223,0.01,nc,nc75016807,2024-06-05T17:39:10.918Z,"7 km NW of The Geysers, CA",earthquake,0.41,0.870000005,0.34,10,automatic,nc,nc
2024-06-05T17:21:27.620Z,32.9788333,-116.3183333,9.13,0.6,ml,12,179,0.02724,0.11,ci,ci40615247,2024-06-05T17:27:25.080Z,"25 km SW of Ocotillo Wells, CA",earthquake,1.03,0.51,0.102,6,automatic,ci,ci
2024-06-05T17:08:22.984Z,62.1557,-149.4261,52.6,1.1,ml,,,,0.39,ak,ak02477xjmbe,2024-06-05T17:11:07.188Z,"22 km E of Susitna North, Alaska",earthquake,,1.3,,,automatic,ak,ak
2024-06-05T17:05:35.621Z,59.7641,-150.8605,34.8,1.8,ml,,,,0.37,ak,ak02477xj056,2024-06-05T17:07:08.188Z,"11 km SSE of Fox River, Alaska",earthquake,,0.5,,,automatic,ak,ak
2024-06-05T17:03:25.870Z,35.0526667,-118.3476667,-0.23,1.1,ml,25,37,0.06213,0.17,ci,ci40615223,2024-06-05T17:09:59.701Z,"13 km SE of Tehachapi, CA",earthquake,0.24,0.53,0.182,11,automatic,ci,ci
2024-06-05T16:56:43.883Z,31.353,-103.655,8.2532,1.9,ml,15,45,0.1,0.1,tx,tx2024laia,2024-06-05T20:02:36.536Z,"11 km W of Lindsay, Texas",earthquake,0.435330425401547,0.8164083693787834,0.2,13,reviewed,tx,tx
2024-06-05T16:51:25.630Z,38.7796669006348,-122.757164001465,1.30999994277954,0.99,md,9,81,0.01117,0.04,nc,nc75016802,2024-06-05T16:53:00.676Z,"0 km  of The Geysers, CA",earthquake,0.28,0.819999993,0.1,10,automatic,nc,nc
2024-06-05T16:48:47.360Z,19.1731662750244,-155.476837158203,30.1700000762939,2.05999994,md,44,83,0.02249,0.119999997,hv,hv74263111,2024-06-05T16:50:29.270Z,"3 km S of Pāhala, Hawaii",earthquake,0.64,0.850000024,0.230000004,5,automatic,hv,hv
2024-06-05T16:40:16.538Z,60.6309,-151.7794,73,1.6,ml,,,,0.46,ak,ak02477x514l,2024-06-05T16:42:34.175Z,"25 km W of Salamatof, Alaska",earthquake,,0.6,,,automatic,ak,ak
2024-06-05T16:37:34.760Z,19.1726665496826,-155.483673095703,30.8099994659424,2.69,ml,60,87,0.02664,0.119999997,hv,hv74263101,2024-06-05T16:40:12.010Z,"3 km S of Pāhala, Hawaii",earthquake,0.4,0.579999983,0.31,42,automatic,hv,hv
2024-06-05T16:29:09.260Z,19.3846664428711,-155.27799987793,-0.180000007152557,1.90999997,md,12,117,0.003968,0.119999997,hv,hv74263096,2024-06-05T16:30:44.060Z,"7 km SW of Volcano, Hawaii",earthquake,0.2,0.209999993,0.189999998,10,automatic,hv,hv
2024-06-05T16:22:32.509Z,31.521,-104.004,4.5695,1.6,ml,15,64,0,0.5,tx,tx2024lagw,2024-06-05T16:49:31.446Z,"30 km NW of Toyah, Texas",earthquake,0,1.32954075470859,0.1,13,automatic,tx,tx
2024-06-05T16:15:30.810Z,19.1660003662109,-155.476837158203,30.2299995422363,2.01999998,md,40,98,0.01745,0.109999999,hv,hv74263081,2024-06-05T16:17:12.740Z,"4 km S of Pāhala, Hawaii",earthquake,0.55,0.649999976,0.100000001,3,automatic,hv,hv
2024-06-05T16:13:02.050Z,38.8203315734863,-122.81266784668,3.17000007629395,1.16,md,21,47,0.003669,0.02,nc,nc75016792,2024-06-05T16:14:36.350Z,"7 km NW of The Geysers, CA",earthquake,0.24,0.649999976,0.33,20,automatic,nc,nc
2024-06-05T16:12:45.740Z,38.8216667175293,-122.811332702637,3.30999994277954,2.2,md,47,40,0.001986,0.06,nc,nc75016787,2024-06-05T16:17:15.490Z,"7 km NNW of The Geysers, CA",earthquake,0.16,0.239999995,0.14,45,automatic,nc,nc
2024-06-05T16:12:41.260Z,38.8206672668457,-122.814498901367,4.61999988555908,2.45,md,6,84,0.004401,0.01,nc,nc75016782,2024-06-05T16:14:16.310Z,"7 km NW of The Geysers, CA",earthquake,0.75,3.23000002,0.15,8,automatic,nc,nc
2024-06-05T15:59:47.270Z,33.0336667,-116.0035,8.36,0.77,ml,18,109,0.1411,0.18,ci,ci40615135,2024-06-05T16:19:01.001Z,"17 km SE of Ocotillo Wells, CA",earthquake,0.33,1.51,0.212,10,automatic,ci,ci
2024-06-05T15:55:03.970Z,38.8321647644043,-122.884330749512,2.03999996185303,0.5,md,6,167,0.01455,0.04,nc,nc75016777,2024-06-05T15:56:40.075Z,"12 km E of Cloverdale, CA",earthquake,0.88,1.45000005,0.22,6,automatic,nc,nc
2024-06-05T15:53:35.910Z,38.8333320617676,-122.881332397461,2.64000010490417,0.75,md,8,178,0.005157,0.03,nc,nc75016772,2024-06-05T15:55:10.061Z,"12 km E of Cloverdale, CA",earthquake,0.78,0.670000017,0.16,8,automatic,nc,nc
2024-06-05T15:33:10.596Z,61.1596,-150.2922,43.3,1.2,ml,,,,0.36,ak,ak02477wi31v,2024-06-05T15:36:11.596Z,"22 km WSW of Anchorage, Alaska",earthquake,,0.8,,,automatic,ak,ak
2024-06-05T15:30:39.776Z,-16.0144,167.8828,190.263,4.8,mb,48,69,5.659,0.89,us,us7000mqi3,2024-06-05T15:56:18.040Z,"50 km E of Lakatoro, Vanuatu",earthquake,10.82,8.486,0.084,44,reviewed,us,us
2024-06-05T15:24:59.650Z,47.75066666666667,-121.8615,7.42,1.51,ml,9,135,0.08214,0.06,uw,uw62004492,2024-06-05T18:08:14.920Z,"7 km NNE of Lake Marcel-Stillwater, Washington",earthquake,0.38,0.65,0.08714656406496968,4,reviewed,uw,uw
2024-06-05T15:23:59.070Z,38.821834564209,-122.81266784668,3.04999995231628,1.08,md,23,45,0.002556,0.02,nc,nc75016767,2024-06-05T15:25:35.415Z,"7 km NNW of The Geysers, CA",earthquake,0.24,0.49000001,0.28,23,automatic,nc,nc
2024-06-05T15:06:32.250Z,31.633,-104.508,6.3049,1.8,ml,20,74,0,0.1,tx,tx2024laej,2024-06-05T15:37:27.117Z,"61 km SSW of Whites City, New Mexico",earthquake,1.0980450524309924,0.5120492024000486,0.1,11,reviewed,tx,tx
2024-06-05T14:58:37.350Z,38.8226661682129,-122.80233001709,2.49000000953674,1.07,md,19,50,0.006093,0.02,nc,nc75016757,2024-06-05T15:00:15.049Z,"6 km NNW of The Geysers, CA",earthquake,0.21,0.519999981,0.1,23,automatic,nc,nc
2024-06-05T14:57:52.060Z,38.8224983215332,-122.801170349121,2.69000005722046,1.58,md,32,52,0.007012,0.02,nc,nc75016752,2024-06-05T15:01:16.000Z,"6 km NNW of The Geysers, CA",earthquake,0.19,0.340000004,0.14,34,automatic,nc,nc
2024-06-05T14:56:09.240Z,38.8226661682129,-122.842002868652,1.85000002384186,1.11,md,22,72,0.005465,0.02,nc,nc75016747,2024-06-05T14:57:44.934Z,"9 km NW of The Geysers, CA",earthquake,0.2,0.370000005,0.17,23,automatic,nc,nc
2024-06-05T14:49:26.121Z,31.715,-104.683,2.3385,1.7,ml,8,225,0.1,0.2,tx,tx2024ladv,2024-06-05T15:05:44.054Z,"54 km ESE of Dell City, Texas",earthquake,0,4.08440538203899,0.1,6,automatic,tx,tx
2024-06-05T14:39:20.491Z,63.301,-150.4542,129.3,1.6,ml,,,,0.21,ak,ak02477vxyi9,2024-06-05T14:41:17.166Z,"68 km ESE of Denali National Park, Alaska",earthquake,,1.3,,,automatic,ak,ak
2024-06-05T14:37:14.607Z,36.9443,-116.0874,9.1,0.2,ml,13,61.620000000000005,0.028,0.1087,nn,nn00878648,2024-06-05T14:38:56.927Z,"55 km NW of Indian Springs, Nevada",earthquake,,0.9,0.19,10,automatic,nn,nn
2024-06-05T14:36:21.170Z,32.7281667,-115.8171667,9.41,0.76,ml,18,104,0.1097,0.21,ci,ci40615031,2024-06-05T17:54:20.403Z,"16 km E of Ocotillo, CA",earthquake,0.36,0.79,0.162,12,reviewed,ci,ci
2024-06-05T14:22:39.260Z,33.4290009,-117.0009995,7.28,0.87,ml,9,161,0.09156,0.26,ci,ci40615023,2024-06-05T14:28:49.838Z,"10 km NE of Pala, CA",earthquake,1.09,2.39,0.339,7,automatic,ci,ci
2024-06-05T14:20:27.219Z,35.63783333,-98.08366667,7.81,1.51,ml,63,71,0.1169770451,0.42,ok,ok2024lacw,2024-06-05T14:39:16.190Z,"5 km NE of Calumet, Oklahoma",earthquake,,1,0.22,26,reviewed,ok,ok
2024-06-05T14:19:43.603Z,-38.2187,176.0333,191.7,4.8,mww,73,47,0.643,0.99,us,us7000mqhw,2024-06-05T19:32:12.151Z,"14 km E of Tokoroa, New Zealand",earthquake,5.35,3.939,0.098,10,reviewed,us,us
2024-06-05T14:18:21.220Z,19.1665000915527,-155.484832763672,30.0599994659424,3.39,ml,61,101,0.02414,0.129999995,hv,hv74262926,2024-06-05T20:00:25.555Z,"4 km S of Pāhala, Hawaii",earthquake,0.43,0.560000002,0.37,46,automatic,hv,hv
2024-06-05T14:13:58.091Z,61.0868,-151.1282,49.4,1.4,ml,,,,0.69,ak,ak02477vsgsh,2024-06-05T14:16:28.253Z,"2 km NNE of Tyonek, Alaska",earthquake,,1,,,automatic,ak,ak
2024-06-05T14:07:44.030Z,35.55916667,-96.73133333,5.44,1.04,ml,37,64,0.02339540902,0.33,ok,ok2024lacl,2024-06-05T14:32:59.556Z,"9 km NNW of Prague, Oklahoma",earthquake,,0.7,0.23,17,reviewed,ok,ok
2024-06-05T13:57:54.495Z,61.3743,-146.9818,19.1,1.4,ml,,,,0.61,ak,ak02477vggex,2024-06-05T14:00:12.671Z,"43 km NW of Valdez, Alaska",earthquake,,0.2,,,automatic,ak,ak
2024-06-05T13:50:30.870Z,38.8131675720215,-122.80549621582,2.1800000667572,0.85,md,19,54,0.009507,0.01,nc,nc75016727,2024-06-05T13:52:05.303Z,"6 km NW of The Geysers, CA",earthquake,0.21,0.5,0.22,20,automatic,nc,nc
2024-06-05T13:28:13.640Z,33.9941667,-117.0015,13.53,1.4,ml,55,41,0.1009,0.16,ci,ci40614943,2024-06-05T13:38:41.240Z,"5 km E of Calimesa, CA",earthquake,0.15,0.48,0.203,27,automatic,ci,ci
2024-06-05T13:27:54.435Z,59.5201,-152.7953,66.7,1.7,ml,,,,0.42,ak,ak02477va0xf,2024-06-05T13:30:09.871Z,"52 km WNW of Nanwalek, Alaska",earthquake,,0.5,,,automatic,ak,ak
2024-06-05T13:23:33.880Z,18.401,-67.468,7.26,2.79,md,7,300,0.2165,0.17,pr,pr71451558,2024-06-05T14:08:55.920Z,"24 km WNW of Rincón, Puerto Rico",earthquake,1.72,2.01,0.13059560849882,5,reviewed,pr,pr
2024-06-05T13:14:20.530Z,35.6208333,-117.4683333,8.3,1.05,ml,23,63,0.03462,0.14,ci,ci40614927,2024-06-05T13:58:33.110Z,"17 km SSW of Searles Valley, CA",earthquake,0.22,0.38,0.192,8,reviewed,ci,ci
2024-06-05T13:13:15.910Z,19.4698333740234,-156.012832641602,3.25999999046326,2.25,ml,40,241,0.09192,0.300000012,hv,hv74262886,2024-06-05T13:15:54.530Z,"10 km WSW of Captain Cook, Hawaii",earthquake,0.75,0.860000014,0.43,4,automatic,hv,hv
2024-06-05T13:09:31.880Z,38.8194999694824,-122.822830200195,2.29999995231628,0.78,md,8,132,0.0107,0.02,nc,nc75016717,2024-06-05T13:11:09.969Z,"7 km NW of The Geysers, CA",earthquake,0.46,1.25,0.09,9,automatic,nc,nc
2024-06-05T13:09:21.770Z,33.599,-116.8046667,-1.15,1.25,ml,13,92,0.03427,0.37,ci,ci40614911,2024-06-05T13:15:09.565Z,"13 km WNW of Anza, CA",earthquake,0.51,30.82,0.458,5,automatic,ci,ci
2024-06-05T13:08:00.620Z,32.4276667,-115.175,13.09,2.31,ml,26,58,0.05941,0.31,ci,ci40614903,2024-06-05T13:14:39.910Z,"8 km NNE of Delta, B.C., MX",earthquake,0.36,0.94,0.239,27,automatic,ci,ci
2024-06-05T13:01:52.311Z,36.7446,-116.2825,8.4,0.2,ml,34,58.170000000000016,0.01,0.1102,nn,nn00878644,2024-06-05T18:45:05.912Z,"46 km ESE of Beatty, Nevada",earthquake,,0.5,0.38,10,reviewed,nn,nn
2024-06-05T12:59:06.910Z,38.8294982910156,-122.81600189209,1.4099999666214,1.95,md,33,46,0.007654,0.04,nc,nc75016707,2024-06-05T13:02:34.240Z,"8 km NNW of The Geysers, CA",earthquake,0.17,0.270000011,0.16,38,automatic,nc,nc
2024-06-05T12:51:26.280Z,33.9275,-116.328,1.28,0.99,ml,45,51,0.06842,0.2,ci,ci40614895,2024-06-05T13:05:14.007Z,"13 km NNE of Thousand Palms, CA",earthquake,0.17,0.37,0.134,27,automatic,ci,ci
2024-06-05T12:49:16.080Z,38.8126678466797,-122.822830200195,3.01999998092651,0.76,md,12,63,0.006244,0.02,nc,nc75016702,2024-06-05T12:50:49.798Z,"7 km NW of The Geysers, CA",earthquake,0.4,1.14999998,0.53,12,automatic,nc,nc
2024-06-05T12:43:57.300Z,33.5815,-116.8106667,8.62,1.12,ml,53,30,0.04073,0.17,ci,ci40614887,2024-06-05T12:54:20.550Z,"13 km WNW of Anza, CA",earthquake,0.14,0.33,0.151,27,automatic,ci,ci
2024-06-05T12:37:15.423Z,31.769,-103.803,7.1893,1.6,ml,12,78,0,0.1,tx,tx2024kzzn,2024-06-05T12:53:03.092Z,"20 km WNW of Mentone, Texas",earthquake,0.3627252821971183,0.5434448910503799,0.2,23,reviewed,tx,tx
2024-06-05T12:34:57.200Z,33.9251667,-116.7151667,15.7,0.96,ml,49,52,0.1141,0.16,ci,ci40614879,2024-06-05T12:41:20.715Z,"7 km E of Cabazon, CA",earthquake,0.15,0.43,0.145,26,automatic,ci,ci
2024-06-05T12:33:37.965Z,60.7026,-151.7973,76.5,2.2,ml,,,,0.42,ak,ak02477upuck,2024-06-05T12:40:46.040Z,"27 km W of Nikiski, Alaska",earthquake,,0.9,,,automatic,ak,ak
2024-06-05T12:28:05.080Z,33.8801667,-116.2816667,5.44,0.83,ml,39,44,0.09511,0.16,ci,ci40614871,2024-06-05T12:34:14.676Z,"12 km ENE of Thousand Palms, CA",earthquake,0.18,0.95,0.161,25,automatic,ci,ci
2024-06-05T12:14:33.320Z,32.419,-115.1898333,11.19,2.58,ml,32,55,0.07426,0.35,ci,ci40614847,2024-06-05T12:25:09.530Z,"7 km N of Delta, B.C., MX",earthquake,0.41,1.05,0.241,27,automatic,ci,ci
2024-06-05T12:13:54.570Z,18.2225,-67.3491666666667,18.33,2.92,md,10,269,0.2002,0.23,pr,pr71451553,2024-06-05T12:30:36.930Z,"15 km SW of Stella, Puerto Rico",earthquake,1.17,0.72,0.0560501907247528,6,reviewed,pr,pr
2024-06-05T12:10:18.020Z,38.8226661682129,-122.800834655762,2.48000001907349,1.69,md,33,31,0.007254,0.03,nc,nc75016692,2024-06-05T12:11:54.919Z,"6 km NNW of The Geysers, CA",earthquake,0.19,0.360000014,0.15,33,automatic,nc,nc
2024-06-05T12:08:38.950Z,51.6338333333333,-178.801,15.44,1.52,ml,5,174,0.08096,0.25,av,av93151281,2024-06-05T18:36:24.990Z,"151 km W of Adak, Alaska",earthquake,3.07,2.12,0.250690960400386,5,reviewed,av,av
2024-06-05T12:04:59.475Z,34.0495,86.2468,12.145,4.3,mb,30,83,6.285,0.97,us,us7000mqh7,2024-06-05T12:37:39.040Z,"western Xizang",earthquake,10.06,3.814,0.142,14,reviewed,us,us
2024-06-05T12:01:17.900Z,34.1911659,-117.6031647,12.57,2.47,ml,14,134,0.06607,0.12,ci,ci40614831,2024-06-05T15:04:07.556Z,"8 km NNW of Rancho Cucamonga, CA",earthquake,0.65,1.01,0.27,16,automatic,ci,ci
2024-06-05T11:58:40.930Z,32.4225,-115.1796667,15.58,4.56,mw,37,55,0.06498,0.38,ci,ci40614823,2024-06-05T19:16:47.648Z,"8 km N of Delta, B.C., MX",earthquake,0.49,0.82,,6,reviewed,ci,ci
2024-06-05T11:49:07.810Z,38.2845,-112.2745,5.25,1.97,ml,31,58,0.24,0.22,uu,uu80071151,2024-06-05T15:08:44.780Z,"7 km NW of Junction, Utah",earthquake,0.35,1.18,0.174071868630101,12,reviewed,uu,uu
2024-06-05T11:48:09.490Z,38.8186683654785,-122.783836364746,4.09000015258789,0.27,md,8,113,0.005936,0.03,nc,nc75016677,2024-06-05T11:49:45.220Z,"5 km NNW of The Geysers, CA",earthquake,0.74,3.06999993,0.14,7,automatic,nc,nc
2024-06-05T11:46:29.460Z,41.653,-112.3165,6.48,0.87,md,14,54,0.08023,0.19,uu,uu80071146,2024-06-05T15:14:25.590Z,"4 km SSW of Thatcher, Utah",earthquake,0.42,1.46,0.184757782083382,8,reviewed,uu,uu
2024-06-05T11:45:41.970Z,34.2931667,-117.0343333,0,1.64,ml,74,33,0.09897,0.17,ci,ci40614815,2024-06-05T11:56:56.150Z,"12 km NE of Running Springs, CA",earthquake,0.12,0.27,0.134,29,automatic,ci,ci
2024-06-05T11:44:39.343Z,61.5623,-146.3249,38.2,2,ml,,,,0.28,ak,ak02477u6rq6,2024-06-05T11:45:55.496Z,"48 km N of Valdez, Alaska",earthquake,,0.7,,,automatic,ak,ak
2024-06-05T11:43:17.570Z,38.8276672363281,-122.804000854492,1.5900000333786,1.21,md,24,36,0.00638,0.02,nc,nc75016672,2024-06-05T11:44:55.532Z,"7 km NNW of The Geysers, CA",earthquake,0.19,0.349999994,0.14,25,automatic,nc,nc
2024-06-05T11:40:20.710Z,33.5806667,-116.6045,14.98,0.43,ml,23,99,0.02585,0.13,ci,ci40614807,2024-06-05T11:46:18.577Z,"7 km ENE of Anza, CA",earthquake,0.23,0.36,0.249,6,automatic,ci,ci
2024-06-05T11:38:20.110Z,38.8283348083496,-122.853164672852,2.42000007629395,0.84,md,7,83,0.003002,0,nc,nc75016667,2024-06-05T11:39:55.210Z,"10 km NW of The Geysers, CA",earthquake,0.65,0.899999976,0.26,9,automatic,nc,nc
2024-06-05T11:35:58.560Z,38.833667755127,-122.81583404541,1.57000005245209,0.35,md,6,145,0.0112,0.01,nc,nc75016662,2024-06-05T11:37:35.167Z,"8 km NNW of The Geysers, CA",earthquake,1.47,1.12,0.08,5,automatic,nc,nc
2024-06-05T11:34:56.890Z,32.4291667,-115.1798333,3.54,1.87,ml,24,53,0.0628,0.38,ci,ci40614791,2024-06-05T11:41:01.012Z,"8 km N of Delta, B.C., MX",earthquake,0.45,2.19,0.215,21,automatic,ci,ci
2024-06-05T11:34:28.591Z,60.7815,-151.7175,79.9,1.3,ml,,,,0.12,ak,ak02477u4lqj,2024-06-05T11:36:07.534Z,"25 km WNW of Nikiski, Alaska",earthquake,,1.5,,,automatic,ak,ak
2024-06-05T11:30:09.760Z,32.4278333,-115.1661667,11.56,1.82,ml,25,55,0.05239,0.33,ci,ci40614783,2024-06-05T11:36:25.349Z,"8 km NNE of Delta, B.C., MX",earthquake,0.41,0.78,0.161,20,automatic,ci,ci
2024-06-05T11:26:46.150Z,32.418,-115.1813333,15,2.04,ml,21,59,0.1453,0.35,ci,ci40614775,2024-06-05T19:37:15.362Z,"7 km N of Delta, B.C., MX",earthquake,0.57,31.61,0.2,13,reviewed,ci,ci
2024-06-05T11:22:51.170Z,38.8213348388672,-122.820663452148,6.05999994277954,0.72,md,8,134,0.01136,0.03,nc,nc75016647,2024-06-05T11:24:25.078Z,"7 km NW of The Geysers, CA",earthquake,0.97,3.25,0.14,9,automatic,nc,nc
2024-06-05T11:16:13.711Z,0.4081,98.5654,63.498,5.4,mb,109,111,1.331,0.72,us,us7000mqgm,2024-06-05T13:21:50.050Z,"86 km ESE of Teluk Dalam, Indonesia",earthquake,7.64,6.61,0.061,92,reviewed,us,us
2024-06-05T11:13:47.940Z,63.1677,-150.4863,103.1,1.9,ml,,,,0.39,ak,ak02477u056y,2024-06-05T11:15:52.525Z,"74 km SE of Denali National Park, Alaska",earthquake,,1,,,automatic,ak,ak
2024-06-05T11:08:50.210Z,32.4158333,-115.1671667,11.62,1.97,ml,25,68,0.05878,0.38,ci,ci40614767,2024-06-05T19:30:17.285Z,"7 km NNE of Delta, B.C., MX",earthquake,0.55,1.38,0.137,16,reviewed,ci,ci
2024-06-05T10:58:40.110Z,34.6036667,-118.6211667,6.98,1,ml,25,53,0.0851,0.24,ci,ci40614751,2024-06-05T19:18:43.187Z,"13 km N of Castaic, CA",earthquake,0.33,0.89,0.129,14,reviewed,ci,ci
2024-06-05T10:52:39.430Z,19.3994998931885,-155.261337280273,1.52999997138977,1.89,ml,23,54,0.004605,0.119999997,hv,hv74262796,2024-06-05T10:55:18.320Z,"5 km SSW of Volcano, Hawaii",earthquake,0.18,0.189999998,0.2,11,automatic,hv,hv
2024-06-05T10:42:31.500Z,38.8339996337891,-122.813331604004,1.75999999046326,0.27,md,8,93,0.01089,0.02,nc,nc75016642,2024-06-05T10:44:09.705Z,"8 km WNW of Cobb, CA",earthquake,0.33,0.730000019,0.08,9,automatic,nc,nc
2024-06-05T10:39:14.511Z,-59.6749,-29.5885,6.98,5.5,mww,67,69,6.587,0.69,us,us7000mqgh,2024-06-05T13:10:05.040Z,"South Sandwich Islands region",earthquake,8.92,4.745,0.098,10,reviewed,us,us
2024-06-05T10:35:37.710Z,41.5773333333333,-112.433,9.8,0.72,md,10,99,0.006432,0.14,uu,uu80071136,2024-06-05T14:29:46.320Z,"17 km SW of Thatcher, Utah",earthquake,0.64,0.76,0.118176600074072,5,reviewed,uu,uu
2024-06-05T10:34:05.020Z,32.4163333,-115.1956667,12.08,1.83,ml,28,54,0.07984,0.29,ci,ci40614719,2024-06-05T18:47:12.559Z,"7 km N of Delta, B.C., MX",earthquake,0.33,1.31,0.234,18,reviewed,ci,ci
2024-06-05T10:33:57.120Z,38.8310012817383,-122.814834594727,2.08999991416931,1.04,md,16,83,0.008457,0.02,nc,nc75016637,2024-06-05T10:35:35.735Z,"8 km NNW of The Geysers, CA",earthquake,0.28,0.689999998,0.07,15,automatic,nc,nc
2024-06-05T10:33:40.710Z,38.8320007324219,-122.813499450684,1.61000001430511,0.71,md,10,57,0.009,0.01,nc,nc75016632,2024-06-05T10:35:15.718Z,"8 km NNW of The Geysers, CA",earthquake,0.37,1.22000003,0.11,13,automatic,nc,nc
2024-06-05T10:32:10.650Z,38.832332611084,-122.810501098633,1.62999999523163,1.02,md,12,92,0.008931,0.01,nc,nc75016627,2024-06-05T10:33:45.784Z,"8 km WNW of Cobb, CA",earthquake,0.33,0.800000012,0.24,13,automatic,nc,nc
2024-06-05T10:31:59.660Z,38.8326683044434,-122.813163757324,1.50999999046326,0.38,md,7,141,0.009569,0.01,nc,nc75016622,2024-06-05T10:33:35.722Z,"8 km NNW of The Geysers, CA",earthquake,0.53,1.13,0.19,9,automatic,nc,nc
2024-06-05T10:31:49.590Z,40.5011666666667,-112.177333333333,0.11,1.01,md,21,68,0.06114,0.2,uu,uu80071131,2024-06-05T16:22:22.690Z,"7 km SSW of Bingham Canyon, Utah",earthquake,0.34,31.61,0.389896054492501,11,reviewed,uu,uu
2024-06-05T10:30:54.090Z,38.8366661071777,-122.834831237793,12.4300003051758,0.78,md,8,166,0.001987,0.07,nc,nc75016617,2024-06-05T10:32:30.629Z,"9 km NW of The Geysers, CA",earthquake,2.9,1.46000004,0.21,8,automatic,nc,nc
2024-06-05T10:29:58.590Z,38.832332611084,-122.813003540039,1.62999999523163,0.79,md,14,89,0.009213,0.01,nc,nc75016612,2024-06-05T10:31:35.698Z,"8 km NNW of The Geysers, CA",earthquake,0.28,0.680000007,0.36,13,automatic,nc,nc
2024-06-05T10:29:02.070Z,38.8310012817383,-122.811332702637,1.77999997138977,2.53,md,54,27,0.007659,0.07,nc,nc75016607,2024-06-05T15:01:16.428Z,"8 km NNW of The Geysers, CA",earthquake,0.15,0.200000003,0.15,70,automatic,nc,nc
2024-06-05T10:28:30.250Z,38.8331680297852,-122.81266784668,1.74000000953674,0.44,md,10,92,0.009967,0.01,nc,nc75016602,2024-06-05T10:30:06.118Z,"8 km WNW of Cobb, CA",earthquake,0.37,0.810000002,0.23,10,automatic,nc,nc
2024-06-05T10:27:17.540Z,17.9776666666667,-67.0278333333333,11.64,2.58,md,7,152,0.01762,0.09,pr,pr71451543,2024-06-05T11:44:44.880Z,"2 km E of La Parguera, Puerto Rico",earthquake,0.67,0.68,0.0673647957196168,3,reviewed,pr,pr
2024-06-05T10:25:11.750Z,40.1365013122559,-123.872001647949,20.6200008392334,1.57,md,12,66,0.03067,0.04,nc,nc75016597,2024-06-05T10:26:50.701Z,"5 km NW of Redway, CA",earthquake,0.49,0.75999999,0.05,6,automatic,nc,nc
2024-06-05T10:22:46.130Z,38.8305015563965,-122.810836791992,0.620000004768372,0.76,md,7,90,0.007121,0.01,nc,nc75016592,2024-06-05T10:24:20.672Z,"8 km NNW of The Geysers, CA",earthquake,0.43,1.33000004,0.09,11,automatic,nc,nc
2024-06-05T10:22:04.910Z,32.4205,-115.1776667,15.32,1.9,ml,28,58,0.06426,0.32,ci,ci40614711,2024-06-05T18:31:10.864Z,"7 km N of Delta, B.C., MX",earthquake,0.37,0.87,0.197,20,reviewed,ci,ci
2024-06-05T10:21:39.730Z,33.495,-116.553,10.59,0.68,ml,36,47,0.04111,0.15,ci,ci40614703,2024-06-05T13:59:44.170Z,"13 km ESE of Anza, CA",earthquake,0.16,0.35,0.185,19,reviewed,ci,ci
2024-06-05T10:07:59.510Z,32.4225,-115.1726667,14.1,1.63,ml,24,58,0.05958,0.35,ci,ci40614695,2024-06-05T10:14:13.864Z,"8 km NNE of Delta, B.C., MX",earthquake,0.45,1.22,0.226,19,automatic,ci,ci
2024-06-05T10:06:34.750Z,46.2025,-122.185,1.17,0.33,ml,12,152,0.002327,0.08,uw,uw62004482,2024-06-05T15:35:27.190Z,"38 km NNE of Amboy, Washington",earthquake,0.34,0.22,0.18103545778067714,4,reviewed,uw,uw
2024-06-05T10:01:21.890Z,59.8019,-150.7667,41.3,1.7,ml,,,,0.43,ak,ak02477tc2zh,2024-06-05T10:04:48.416Z,"12 km ESE of Fox River, Alaska",earthquake,,0.6,,,automatic,ak,ak
2024-06-05T09:58:00.780Z,46.0585,-122.11583333333333,13.84,1.23,ml,28,130,0.07605,0.11,uw,uw62004477,2024-06-05T15:22:52.940Z,"30 km ENE of Amboy, Washington",earthquake,0.4,0.73,0.07675968165344838,16,reviewed,uw,uw
2024-06-05T09:55:07.550Z,32.4303333,-115.1641667,11.8,1.9,ml,25,65,0.0499,0.35,ci,ci40614687,2024-06-05T10:01:21.796Z,"9 km NNE of Delta, B.C., MX",earthquake,0.43,1,0.137,21,automatic,ci,ci
2024-06-05T09:54:05.170Z,46.060833333333335,-122.11083333333333,15.07,1.17,ml,25,163,0.07204,0.11,uw,uw62004472,2024-06-05T15:28:44.360Z,"30 km ENE of Amboy, Washington",earthquake,0.43,0.6,0.14112642303984102,15,reviewed,uw,uw
2024-06-05T09:50:35.016Z,-19.2767,169.65,86.875,4.5,mb,23,140,4.204,0.84,us,us7000mqgc,2024-06-05T10:13:57.040Z,"48 km NE of Isangel, Vanuatu",earthquake,13.31,9.118,0.121,20,reviewed,us,us
2024-06-05T09:45:00.310Z,32.308,-101.037,8.4229,2.3,ml,22,73,0.2,0.1,tx,tx2024kztu,2024-06-05T13:35:00.137Z,"5 km SSW of Westbrook, Texas",earthquake,0.8548387830883687,1.746897388082994,0.1,15,reviewed,tx,tx
2024-06-05T09:44:42.399Z,36.53316667,-98.97283333,7.67,1.14,ml,29,79,0.04679081805,0.13,ok,ok2024kztt,2024-06-05T12:36:26.426Z,"9 km WSW of Waynoka, Oklahoma",earthquake,,0.3,0.26,10,reviewed,ok,ok
2024-06-05T09:39:27.690Z,36.961498260498,-121.688163757324,5.84999990463257,1,md,6,109,0.03711,0.1,nc,nc75016582,2024-06-05T09:41:05.325Z,"4 km E of Interlaken, CA",earthquake,0.77,1.19000006,0.23,7,automatic,nc,nc
2024-06-05T09:37:28.450Z,38.8328323364258,-122.818168640137,1.83000004291534,0.31,md,9,103,0.01135,0.01,nc,nc75016577,2024-06-05T09:39:05.270Z,"8 km NNW of The Geysers, CA",earthquake,0.36,0.769999981,0.23,10,automatic,nc,nc
2024-06-05T09:31:56.352Z,36.9426,-116.0855,8.2,0.3,ml,33,52.39999999999999,0.003,0.1345,nn,nn00878633,2024-06-05T17:34:42.606Z,"55 km NW of Indian Springs, Nevada",earthquake,,0.6,0.36,11,reviewed,nn,nn
2024-06-05T09:29:22.140Z,32.2958333,-115.1293333,19.81,2.01,ml,17,267,0.4586,0.29,ci,ci40614679,2024-06-05T09:35:25.644Z,"2 km WNW of Guadalupe Victoria, B.C., MX",earthquake,1.26,1.86,0.273,15,automatic,ci,ci
2024-06-05T09:24:34.080Z,38.8161659240723,-122.821998596191,2.74000000953674,1.01,md,10,76,0.009196,0.01,nc,nc75016572,2024-06-05T09:26:10.215Z,"7 km NW of The Geysers, CA",earthquake,0.48,1.22000003,0.25,9,automatic,nc,nc
2024-06-05T09:15:25.380Z,35.6033333,-117.5885,7.13,0.95,ml,25,86,0.0752,0.15,ci,ci40614671,2024-06-05T09:21:30.388Z,"8 km ESE of Ridgecrest, CA",earthquake,0.19,0.51,0.223,7,automatic,ci,ci
2024-06-05T09:12:55.610Z,33.267,-116.4263333,4.45,0.38,ml,22,60,0.007778,0.17,ci,ci37665724,2024-06-05T20:02:14.483Z,"5 km WNW of Borrego Springs, CA",earthquake,0.23,0.48,0.129,4,reviewed,ci,ci
2024-06-05T09:11:45.430Z,32.3206667,-115.157,5.51,2,ml,19,225,0.4419,0.34,ci,ci40614663,2024-06-05T19:56:03.737Z,"5 km SE of Delta, B.C., MX",earthquake,1.12,3.75,0.218,20,reviewed,ci,ci
2024-06-05T09:10:05.386Z,31.617,-104.52,7.7661,1.6,ml,17,79,0.1,0.2,tx,tx2024kzsr,2024-06-05T13:50:10.514Z,"63 km SSW of Whites City, New Mexico",earthquake,1.4209951390781426,0.9951307568302132,0.2,13,reviewed,tx,tx
2024-06-05T09:09:28.334Z,62.1806,-145.7025,12.9,1.5,ml,,,,0.92,ak,ak02477ssdlt,2024-06-05T09:11:45.522Z,"11 km NW of Glennallen, Alaska",earthquake,,0.3,,,automatic,ak,ak
2024-06-05T09:06:09.310Z,35.6588333,-117.529,1.36,1.24,ml,29,89,0.08597,0.13,ci,ci40614655,2024-06-05T18:59:17.099Z,"14 km ENE of Ridgecrest, CA",earthquake,0.15,0.28,0.14,16,reviewed,ci,ci
2024-06-05T08:50:13.180Z,45.99766666666667,-122.72283333333333,15.16,1.11,ml,19,82,0.07173,0.13,uw,uw62004467,2024-06-05T15:43:16.300Z,"9 km E of Kalama, Washington",earthquake,0.33,0.59,0.4259851617172749,5,reviewed,uw,uw
2024-06-05T08:49:19.530Z,32.3733333,-115.1733333,14.99,2.11,ml,14,218,0.3979,0.36,ci,ci37665564,2024-06-05T18:33:22.964Z,"3 km NE of Delta, B.C., MX",earthquake,1.45,31.61,0.289,11,reviewed,ci,ci
2024-06-05T08:48:29.790Z,32.3695,-115.1685,15,2.4,ml,19,213,0.3437,0.3,ci,ci37665420,2024-06-05T18:26:49.817Z,"3 km NE of Delta, B.C., MX",earthquake,1.1,31.61,0.253,11,reviewed,ci,ci
2024-06-05T08:47:09.220Z,32.3393333,-115.135,14.92,2.75,ml,11,226,0.3695,0.23,ci,ci37665404,2024-06-05T18:26:47.936Z,"6 km ESE of Delta, B.C., MX",earthquake,1.34,31.61,0.159,8,reviewed,ci,ci
2024-06-05T08:46:34.950Z,32.3538333,-115.153,14.99,3,ml,23,215,0.3569,0.31,ci,ci37665252,2024-06-05T18:24:28.920Z,"4 km E of Delta, B.C., MX",earthquake,0.95,31.61,0.203,18,reviewed,ci,ci
2024-06-05T08:45:42.630Z,32.314,-115.1216667,14.99,3.06,ml,22,259,0.3937,0.33,ci,ci37665244,2024-06-05T18:24:13.128Z,"3 km NNW of Guadalupe Victoria, B.C., MX",earthquake,1.17,31.61,0.262,21,reviewed,ci,ci
2024-06-05T08:44:31.830Z,32.3448333,-115.1458333,14.99,3.4,ml,25,216,0.365,0.29,ci,ci40614647,2024-06-05T18:25:55.743Z,"5 km ESE of Delta, B.C., MX",earthquake,1,31.61,0.236,26,reviewed,ci,ci
2024-06-05T08:43:35.910Z,41.5676666666667,-112.414166666667,8.03,2.33,ml,37,75,0.02153,0.15,uu,uu80071126,2024-06-05T13:13:28.860Z,"17 km SW of Thatcher, Utah",earthquake,0.24,0.4,0.221291823673444,7,reviewed,uu,uu
2024-06-05T08:43:34.160Z,32.3156667,-115.1663333,14.99,3.84,ml,22,221,0.3962,0.3,ci,ci40614639,2024-06-05T18:25:39.478Z,"5 km SSE of Delta, B.C., MX",earthquake,1.11,31.61,0.128,31,reviewed,ci,ci
2024-06-05T08:42:42.220Z,32.3746667,-115.2001667,14.99,4.32,mw,26,217,0.3447,0.36,ci,ci40614631,2024-06-05T18:23:05.522Z,"2 km NNW of Delta, B.C., MX",earthquake,1.43,31.61,,6,reviewed,ci,ci
2024-06-05T08:42:24.458Z,-13.7175,14.232,10,5.1,mb,62,41,6.33,0.66,us,us7000mqfy,2024-06-05T11:55:02.180Z,"89 km W of Caconda, Angola",earthquake,9.57,1.841,0.051,132,reviewed,us,us
2024-06-05T08:37:28.840Z,35.6748333,-117.5293333,6.65,0.59,ml,17,115,0.08655,0.13,ci,ci40614623,2024-06-05T18:52:21.965Z,"14 km ENE of Ridgecrest, CA",earthquake,0.28,0.7,0.091,5,reviewed,ci,ci
2024-06-05T08:33:08.410Z,33.967,-116.9646667,9.92,0.68,ml,33,52,0.1285,0.09,ci,ci40614615,2024-06-05T18:45:06.366Z,"4 km NNE of Beaumont, CA",earthquake,0.11,0.37,0.136,12,reviewed,ci,ci
2024-06-05T08:21:22.469Z,60.149,-150.4358,21.2,2.3,ml,,,,0.7,ak,ak02477s9i52,2024-06-05T08:23:37.203Z,"43 km SSE of Funny River, Alaska",earthquake,,0.3,,,automatic,ak,ak
2024-06-05T08:14:01.811Z,60.1158,-152.9054,88,1,ml,,,,0.74,ak,ak02477s7yj9,2024-06-05T08:17:02.447Z,"68 km WNW of Happy Valley, Alaska",earthquake,,0.7,,,automatic,ak,ak
2024-06-05T08:04:16.740Z,19.3336658477783,-155.140670776367,0.360000014305115,1.95,ml,52,95,0.04879,0.200000003,hv,hv74262741,2024-06-05T08:06:54.510Z,"14 km S of Fern Forest, Hawaii",earthquake,0.3,0.230000004,0.74,9,automatic,hv,hv
2024-06-05T08:03:52.264Z,63.291,-150.4165,110.7,1.5,ml,,,,0.11,ak,ak02477s5pju,2024-06-05T08:05:22.119Z,"70 km ESE of Denali National Park, Alaska",earthquake,,2.5,,,automatic,ak,ak
2024-06-05T07:58:20.352Z,38.167,-117.9503,12.8,1.7,ml,10,85.96,0.042,0.1177,nn,nn00878626,2024-06-05T16:15:10.728Z,"28 km SSE of Mina, Nevada",earthquake,,1.1,0.43,6,reviewed,nn,nn
2024-06-05T07:55:01.479Z,27.7035,-111.6118,10,4.3,mb,61,108,0.677,0.94,us,us7000mqfg,2024-06-05T16:08:16.455Z,"62 km WSW of San Carlos, Mexico",earthquake,6.85,1.958,0.064,69,reviewed,us,us
2024-06-05T07:37:50.764Z,36.1789,35.862,10,4.1,mb,35,57,0.835,1.06,us,us7000mqff,2024-06-05T09:04:12.040Z,"16 km WNW of Uzunbağ, Turkey",earthquake,4.45,1.955,0.14,14,reviewed,us,us
2024-06-05T07:35:02.910Z,46.207,-122.1865,3.58,0.13,ml,12,90,0.006837,0.06,uw,uw62004462,2024-06-05T16:35:43.210Z,"38 km NNE of Amboy, Washington",earthquake,0.24,0.47,0.09014037413605613,3,reviewed,uw,uw
2024-06-05T07:24:28.270Z,33.4976667,-116.5503333,10.97,0.52,ml,28,50,0.04344,0.14,ci,ci40614599,2024-06-05T14:00:09.593Z,"13 km ESE of Anza, CA",earthquake,0.18,0.34,0.146,11,reviewed,ci,ci
2024-06-05T07:20:26.890Z,38.7565002441406,-122.727836608887,1.98000001907349,1.15,md,12,112,0.005592,0.07,nc,nc75016552,2024-06-05T07:22:05.171Z,"3 km SE of The Geysers, CA",earthquake,0.51,0.409999996,0.16,11,automatic,nc,nc
2024-06-05T07:20:03.870Z,34.0208333,-117.0943333,8.77,0.97,ml,53,37,0.02094,0.16,ci,ci40614591,2024-06-05T07:26:20.925Z,"5 km WSW of Yucaipa, CA",earthquake,0.14,0.38,0.191,32,automatic,ci,ci
2024-06-05T07:18:20.400Z,36.0905,-118.384,7.72,1.12,ml,25,76,0.08404,0.2,ci,ci40614583,2024-06-05T17:05:26.110Z,"38 km N of Kernville, CA",earthquake,0.24,0.84,0.162,10,reviewed,ci,ci
2024-06-05T07:17:15.820Z,46.20466666666667,-122.18483333333333,3.01,1.32,ml,24,59,0.004492,0.08,uw,uw62004457,2024-06-05T15:14:43.670Z,"38 km NNE of Amboy, Washington",earthquake,0.19,0.32,0.18772447170609052,15,reviewed,uw,uw
2024-06-05T07:11:41.000Z,46.20666666666666,-122.18566666666666,3.92,0.38,ml,13,91,0.006469,0.08,uw,uw62004452,2024-06-05T16:24:13.780Z,"38 km NNE of Amboy, Washington",earthquake,0.28,0.51,0.13496405623271185,7,reviewed,uw,uw
2024-06-05T07:11:03.590Z,32.3475,-115.1801667,3.79,2.55,ml,21,221,0.3671,0.35,ci,ci40614575,2024-06-05T07:17:40.389Z,"2 km SE of Delta, B.C., MX",earthquake,1.51,3.06,0.187,27,automatic,ci,ci
2024-06-05T07:09:04.730Z,44.768,-112.469833333333,2.65,1.77,ml,19,64,0.1828,0.17,mb,mb90053963,2024-06-05T13:47:12.160Z,"17 km NNE of Lima, Montana",earthquake,0.42,1.04,0.21837774735343,24,reviewed,mb,mb
2024-06-05T07:05:46.930Z,41.4978333333333,-112.166333333333,6.37,0.8,md,18,62,0.1118,0.09,uu,uu80071106,2024-06-05T13:40:51.500Z,"7 km SW of Corinne, Utah",earthquake,0.23,0.99,0.138750129974089,10,reviewed,uu,uu
2024-06-05T06:59:30.330Z,34.0635,-116.7771667,1.68,0.72,ml,23,85,0.03802,0.16,ci,ci40614567,2024-06-05T16:56:54.216Z,"16 km N of Cabazon, CA",earthquake,0.23,0.21,0.187,10,reviewed,ci,ci
2024-06-05T06:48:13.256Z,63.1472,-148.7671,9.6,1.6,ml,,,,0.67,ak,ak02477r8ejx,2024-06-05T06:50:39.390Z,"28 km SSE of Cantwell, Alaska",earthquake,,0.2,,,automatic,ak,ak
2024-06-05T06:47:27.582Z,36.726,-116.1015,1.8,-0.2,ml,9,196.52999999999997,0.015,0.0569,nn,nn00878647,2024-06-05T14:37:15.124Z,"42 km WNW of Indian Springs, Nevada",earthquake,,1.4,0,1,reviewed,nn,nn
2024-06-05T06:30:18.932Z,-7.9014,117.9609,205.968,4.8,mb,55,78,0.938,0.6,us,us7000mqf9,2024-06-05T06:48:24.040Z,"77 km NE of Pototano, Indonesia",earthquake,8.2,6.13,0.077,52,reviewed,us,us
2024-06-05T06:22:32.239Z,28.639,-98.234,10.4736,1.5,ml,11,83,0,0.2,tx,tx2024kznh,2024-06-05T14:11:58.160Z,"20 km NNW of Three Rivers, Texas",earthquake,0.9856335300250079,1.343844283608207,0.2,9,reviewed,tx,tx
2024-06-05T06:19:43.835Z,-3.6255,100.7087,26.049,5,mb,68,111,2.357,1.1,us,us7000mqf7,2024-06-05T06:43:21.040Z,"174 km W of Bengkulu, Indonesia",earthquake,8.77,4.378,0.076,55,reviewed,us,us
2024-06-05T06:15:51.110Z,38.7355,-111.342333333333,11.4,1.12,ml,9,103,0.07759,0.15,uu,uu80071101,2024-06-05T13:36:52.910Z,"22 km SSW of Emery, Utah",earthquake,0.63,1.61,0.0361397569645048,2,reviewed,uu,uu
2024-06-05T06:11:06.660Z,33.682,-116.7293333,15.17,0.82,ml,40,61,0.03172,0.14,ci,ci40614535,2024-06-05T14:00:26.642Z,"6 km S of Idyllwild, CA",earthquake,0.17,0.27,0.155,23,reviewed,ci,ci
2024-06-05T06:04:19.859Z,62.7186,-149.469,71.9,1.6,ml,,,,0.46,ak,ak02477qyzk1,2024-06-05T06:06:23.562Z,"44 km NE of Chase, Alaska",earthquake,,0.5,,,automatic,ak,ak
2024-06-05T06:00:46.647Z,-38.9725,-71.808,124.727,4.6,mb,36,86,0.664,0.91,us,us7000mqf3,2024-06-05T06:12:40.040Z,"36 km NNE of Pucón, Chile",earthquake,5.92,6.681,0.1,30,reviewed,us,us
2024-06-05T05:54:08.494Z,31.546,-104.148,6.0999,1.6,ml,24,71,0,0.1,tx,tx2024kzme,2024-06-05T10:55:06.281Z,"42 km NW of Toyah, Texas",earthquake,0.5559579259271612,0.5455786091999237,0.2,20,reviewed,tx,tx
2024-06-05T05:48:12.180Z,38.4986666666667,-112.8945,1.87,0.34,md,10,101,0.006818,0.07,uu,uu80071096,2024-06-05T13:34:26.160Z,"15 km NE of Milford, Utah",earthquake,0.26,0.41,0.437987772522467,4,reviewed,uu,uu
2024-06-05T05:37:29.628Z,39.7741,-120.3325,14.2,1.5,ml,13,107,0.095,0.1616,nn,nn00878653,2024-06-05T16:08:59.411Z,"6 km SE of Beckwourth, California",earthquake,,1.3,0.19,7,reviewed,nn,nn
2024-06-05T05:34:26.470Z,35.9655,-117.6565,4.01,0.78,ml,20,132,0.01825,0.13,ci,ci40614511,2024-06-05T14:00:44.588Z,"23 km E of Little Lake, CA",earthquake,0.18,0.23,0.135,5,reviewed,ci,ci
2024-06-05T05:32:48.072Z,62.8116,-148.7327,6.4,0.9,ml,,,,0.58,ak,ak02477qjm6f,2024-06-05T05:35:27.138Z,"65 km S of Cantwell, Alaska",earthquake,,0.2,,,automatic,ak,ak
2024-06-05T05:30:55.810Z,40.1253318786621,-123.918502807617,16.6399993896484,1.47,md,10,71,0.02135,0.05,nc,nc75016537,2024-06-05T05:32:34.287Z,"8 km WNW of Redway, CA",earthquake,0.41,0.870000005,0.16,7,automatic,nc,nc
2024-06-05T05:29:51.472Z,62.7623,-148.8907,10.7,1.5,ml,,,,0.39,ak,ak02477qizaj,2024-06-05T05:31:36.234Z,"70 km S of Cantwell, Alaska",earthquake,,0.2,,,automatic,ak,ak
2024-06-05T05:19:58.568Z,62.7548,-148.8167,7.2,1.8,ml,,,,0.61,ak,ak02477qguog,2024-06-05T05:21:54.629Z,"71 km S of Cantwell, Alaska",earthquake,,0.2,,,automatic,ak,ak
2024-06-05T05:13:53.698Z,62.8384,-148.9726,6.3,2.9,ml,,,,0.87,ak,ak02477qfjxw,2024-06-05T06:52:54.040Z,"61 km S of Cantwell, Alaska",earthquake,,0.3,,,automatic,ak,ak
2024-06-05T05:07:53.520Z,38.7688331604004,-122.702331542969,1.88999998569489,1.22,md,7,111,0.002474,0.01,nc,nc75016527,2024-06-05T05:09:29.201Z,"1 km WSW of Anderson Springs, CA",earthquake,0.32,0.419999987,0.16,8,automatic,nc,nc
2024-06-05T04:59:56.150Z,63.0888,-151.4448,1.6,1.5,ml,,,,1.53,ak,ak02477q3zj3,2024-06-05T05:01:59.732Z,"52 km SSE of Denali National Park, Alaska",earthquake,,0.4,,,automatic,ak,ak
2024-06-05T04:51:29.210Z,38.7879981994629,-122.736503601074,1.94000005722046,0.76,md,7,103,0.004757,0.01,nc,nc75016522,2024-06-05T04:53:04.288Z,"2 km ENE of The Geysers, CA",earthquake,0.38,0.970000029,0.13,7,automatic,nc,nc
2024-06-05T04:48:43.640Z,36.9541664123535,-121.602996826172,3.48000001907349,2.38,md,48,38,0.01682,0.22,nc,nc75016517,2024-06-05T05:18:58.997Z,"7 km SW of Gilroy, CA",earthquake,0.32,0.610000014,0.09,48,automatic,nc,nc
2024-06-05T04:28:25.229Z,61.6408,-150.0345,32.7,1.5,ml,,,,0.36,ak,ak02477px9y2,2024-06-05T04:30:56.593Z,"11 km W of Houston, Alaska",earthquake,,0.3,,,automatic,ak,ak
2024-06-05T04:09:40.050Z,35.0336667,-119.0295,16.38,1.32,ml,22,64,0.1337,0.16,ci,ci40614463,2024-06-05T16:49:58.985Z,"14 km NW of Grapevine, CA",earthquake,0.28,0.71,0.144,9,reviewed,ci,ci
2024-06-05T03:59:07.068Z,61.4974,-141.0663,0,1.2,ml,,,,0.52,ak,ak02477pig2b,2024-06-05T04:01:21.466Z,"99 km E of McCarthy, Alaska",earthquake,,0.4,,,automatic,ak,ak
2024-06-05T03:52:47.888Z,57.0826,-154.9565,11.5,2,ml,,,,0.97,ak,ak02477ph19w,2024-06-05T03:54:45.020Z,"50 km WNW of Akhiok, Alaska",earthquake,,1.3,,,automatic,ak,ak
2024-06-05T03:46:32.910Z,63.021,-150.459,108,1.6,ml,,,,0.32,ak,ak02477pfptn,2024-06-05T03:49:12.958Z,"60 km NNE of Petersville, Alaska",earthquake,,0.7,,,automatic,ak,ak
2024-06-05T03:41:05.460Z,40.2693328857422,-124.581169128418,23.5900001525879,1.86,md,7,316,0.1835,0.08,nc,nc75016502,2024-06-05T03:42:39.541Z,"26 km W of Petrolia, CA",earthquake,8.03,1.27999997,0.12,7,automatic,nc,nc
2024-06-05T03:37:05.220Z,61.2744,-152.3152,12,1.3,ml,,,,0.19,ak,ak02477pdq8q,2024-06-05T03:38:10.953Z,"67 km WNW of Tyonek, Alaska",earthquake,,0.4,,,automatic,ak,ak
2024-06-05T03:31:27.347Z,8.9391,-71.1161,25.318,4.6,mb,48,52,0.48,1.11,us,us7000mqep,2024-06-05T13:32:18.385Z,"17 km E of Tucaní, Venezuela",earthquake,3.57,5.982,0.044,153,reviewed,us,us
2024-06-05T03:00:20.386Z,60.2347,-145.2093,20.5,2.1,ml,,,,0.35,ak,ak02477p5tx2,2024-06-05T03:02:33.788Z,"45 km SE of Cordova, Alaska",earthquake,,0.5,,,automatic,ak,ak
2024-06-05T02:55:49.320Z,38.8406677246094,-122.838836669922,1.35000002384186,0.6,md,9,120,0.003339,0.02,nc,nc75016487,2024-06-05T02:57:24.304Z,"10 km NW of The Geysers, CA",earthquake,0.29,0.600000024,0.15,9,automatic,nc,nc
2024-06-05T02:49:51.930Z,32.9793333,-116.3163333,9.36,0.72,ml,24,52,0.02696,0.15,ci,ci40614447,2024-06-05T16:42:53.065Z,"25 km SW of Ocotillo Wells, CA",earthquake,0.2,0.49,0.159,8,reviewed,ci,ci
2024-06-05T02:46:21.829Z,61.8394,-148.2703,22.9,2.7,ml,,,,0.6,ak,ak02477ou9dd,2024-06-05T06:05:56.442Z,"11 km ENE of Chickaloon, Alaska",earthquake,,0.5,,,automatic,ak,ak
2024-06-05T02:39:40.950Z,38.495,-112.889333333333,1.45,0.5,md,12,77,0.0069,0.1,uu,uu80001298,2024-06-05T13:31:37.890Z,"15 km NE of Milford, Utah",earthquake,0.29,0.44,0.250867093428973,4,reviewed,uu,uu
2024-06-05T02:39:29.080Z,38.4956666666667,-112.894166666667,1.67,0.31,md,13,78,0.00835,0.07,uu,uu80071086,2024-06-05T13:26:44.690Z,"14 km NE of Milford, Utah",earthquake,0.29,0.38,0.340644655174868,4,reviewed,uu,uu
2024-06-05T02:36:52.240Z,38.8396682739258,-122.838996887207,1.52999997138977,1.29,md,20,85,0.002945,0.02,nc,nc75016477,2024-06-05T02:38:29.207Z,"10 km NW of The Geysers, CA",earthquake,0.21,0.449999988,0.19,21,automatic,nc,nc
2024-06-05T02:28:54.760Z,38.7928352355957,-122.749168395996,2.36999988555908,0.78,md,10,145,0.01133,0.03,nc,nc75016472,2024-06-05T02:30:30.000Z,"2 km NNE of The Geysers, CA",earthquake,0.42,0.949999988,0.09,11,automatic,nc,nc
2024-06-05T02:20:26.630Z,-3.6267,100.6991,10.187,5.6,mww,110,35,2.366,0.81,us,us7000mqdw,2024-06-05T13:00:06.040Z,"175 km W of Bengkulu, Indonesia",earthquake,7.75,0.755,0.08,15,reviewed,us,us
2024-06-05T02:19:39.131Z,61.279,-152.2979,6,0.7,ml,,,,0.32,ak,ak02477ooid5,2024-06-05T02:21:07.958Z,"66 km WNW of Tyonek, Alaska",earthquake,,0.4,,,automatic,ak,ak
2024-06-05T02:16:36.490Z,34.4766667,-116.5026667,2.28,1.36,ml,32,69,0.1429,0.14,ci,ci40614415,2024-06-05T14:01:30.689Z,"40 km NE of Big Bear City, CA",earthquake,0.16,0.59,0.164,26,reviewed,ci,ci
2024-06-05T02:15:59.959Z,-4.1113,143.0441,61.423,5.3,mb,60,41,2.824,0.89,us,us7000mqdv,2024-06-05T02:30:52.040Z,"27 km ENE of Ambunti, Papua New Guinea",earthquake,9.43,7.009,0.077,57,reviewed,us,us
2024-06-05T02:06:31.270Z,19.3071670532227,-155.858505249023,4.1100001335144,2.12,ml,37,194,0.04475,0.25,hv,hv74262601,2024-06-05T02:09:10.110Z,"16 km S of Honaunau-Napoopoo, Hawaii",earthquake,0.54,0.699999988,0.31,5,automatic,hv,hv
2024-06-05T01:56:42.210Z,19.3894996643066,-155.281326293945,0.00999999977648258,2.05,ml,15,73,0.002975,0.109999999,hv,hv74262596,2024-06-05T01:59:19.470Z,"7 km SW of Volcano, Hawaii",earthquake,0.14,0.189999998,0.46,6,automatic,hv,hv
2024-06-05T01:50:11.990Z,38.495,-112.8955,1.42,0.69,md,8,222,0.009564,0.11,uu,uu80001293,2024-06-05T13:22:41.870Z,"14 km NE of Milford, Utah",earthquake,0.6,0.57,0.191971867400375,2,reviewed,uu,uu
2024-06-05T01:49:59.390Z,38.4978333333333,-112.894,1.81,1.39,ml,10,100,0.00688,0.07,uu,uu80071081,2024-06-05T13:19:08.460Z,"15 km NE of Milford, Utah",earthquake,0.27,0.39,0.0539215995022982,2,reviewed,uu,uu
2024-06-05T01:37:05.795Z,61.2865,-146.7763,17.8,1.4,ml,,,,0.62,ak,ak02477o6v2r,2024-06-05T01:39:09.107Z,"28 km NW of Valdez, Alaska",earthquake,,0.3,,,automatic,ak,ak
2024-06-05T01:31:34.340Z,51.794,-178.893166666667,3.75,1.05,ml,5,300,0.02804,0.18,av,av93150726,2024-06-05T18:30:37.520Z,"155 km W of Adak, Alaska",earthquake,0.87,1.14,0.218529832722248,5,reviewed,av,av
2024-06-05T01:31:34.030Z,51.7903333333333,-178.902333333333,5.06,1.05,ml,5,311,0.03116,0.1,av,av93010394,2024-06-05T18:27:45.820Z,"156 km W of Adak, Alaska",earthquake,0.6,0.73,0.218529832722248,5,reviewed,av,av
2024-06-05T01:25:55.514Z,31.532,-104.147,6.3049,2.2,ml,15,71,0,0.2,tx,tx2024kzdi,2024-06-05T10:20:53.438Z,"41 km NW of Toyah, Texas",earthquake,1.2052602601200106,0.9558696769569355,0.1,14,reviewed,tx,tx
2024-06-05T01:18:28.955Z,60.891,-152.6478,16.1,0.7,ml,,,,0.29,ak,ak02477o2u9b,2024-06-05T01:20:56.503Z,"77 km WNW of Nikiski, Alaska",earthquake,,0.5,,,automatic,ak,ak
2024-06-05T01:14:21.980Z,38.8250007629395,-122.787666320801,0.629999995231628,1.32,md,18,50,0.01293,0.03,nc,nc75016457,2024-06-05T01:15:59.482Z,"6 km WNW of Cobb, CA",earthquake,0.19,0.449999988,0.18,19,automatic,nc,nc
2024-06-05T01:11:35.300Z,38.8058319091797,-122.811332702637,2.1800000667572,0.77,md,7,103,0.0127,0.02,nc,nc75016452,2024-06-05T01:13:14.384Z,"6 km NW of The Geysers, CA",earthquake,0.61,1.02999997,0.1,8,automatic,nc,nc
2024-06-05T01:01:43.220Z,38.836498260498,-122.799163818359,2.03999996185303,1.25,md,23,73,0.007147,0.02,nc,nc75016447,2024-06-05T01:03:19.561Z,"7 km WNW of Cobb, CA",earthquake,0.21,0.5,0.18,24,automatic,nc,nc
2024-06-05T01:00:01.060Z,38.8056678771973,-122.809829711914,1.79999995231628,1.94,md,32,56,0.01158,0.04,nc,nc75016442,2024-06-05T01:03:14.090Z,"6 km NW of The Geysers, CA",earthquake,0.17,0.270000011,0.14,35,automatic,nc,nc
2024-06-05T00:59:32.570Z,38.8058319091797,-122.810165405273,1.91999995708466,1.04,md,22,56,0.01181,0.03,nc,nc75016437,2024-06-05T01:01:09.435Z,"6 km NW of The Geysers, CA",earthquake,0.19,0.389999986,0.09,22,automatic,nc,nc
2024-06-05T00:58:04.680Z,40.3549995422363,-124.868835449219,17.75,3.02,ml,30,269,0.4078,0.22,nc,nc75016432,2024-06-05T01:08:35.040Z,"50 km WNW of Petrolia, CA",earthquake,2.82,1.57000005,0.799,6,automatic,nc,nc
2024-06-05T00:53:03.620Z,17.9616666666667,-66.939,9.6,2.27,md,12,199,0.03073,0.08,pr,pr71451523,2024-06-05T01:11:52.380Z,"3 km WSW of Guánica, Puerto Rico",earthquake,0.48,0.4,0.0802451191621085,6,reviewed,pr,pr
2024-06-05T00:51:19.175Z,44.9442,-73.9223,7.528,2.5,mb_lg,31,48,0.571,0.4,us,us7000mqdi,2024-06-05T20:02:41.969Z,"9 km S of Franklin, Canada",earthquake,1.08,5.585,0.075,50,reviewed,us,us
2024-06-05T00:48:04.400Z,38.8051681518555,-122.811500549316,2.02999997138977,0.77,md,16,60,0.01296,0.02,nc,nc75016422,2024-06-05T00:49:39.314Z,"6 km NW of The Geysers, CA",earthquake,0.25,0.680000007,0.12,16,automatic,nc,nc
2024-06-05T00:44:06.200Z,17.9415,-66.8416666666667,14.8,2.31,md,6,217,0.04893,0.07,pr,pr71451518,2024-06-05T01:06:01.110Z,"6 km SSW of Indios, Puerto Rico",earthquake,0.86,0.52,0.055744969194053,4,reviewed,pr,pr
2024-06-05T00:43:13.040Z,38.8053321838379,-122.810668945312,1.91999995708466,1.29,md,31,58,0.01229,0.03,nc,nc75016417,2024-06-05T00:44:49.452Z,"6 km NW of The Geysers, CA",earthquake,0.19,0.300000012,0.2,29,automatic,nc,nc
2024-06-05T00:38:45.890Z,58.24,-155.1765,4.9,-0.53,ml,5,200,0.06454,0.07,av,av93010399,2024-06-05T20:08:23.730Z,"86 km NNW of Karluk, Alaska",earthquake,0.58,0.94,0.112399284374391,5,reviewed,av,av
2024-06-05T00:36:11.050Z,38.8165016174316,-122.822998046875,2.04999995231628,0.95,md,12,64,0.009023,0.02,nc,nc75016407,2024-06-05T00:37:48.324Z,"7 km NW of The Geysers, CA",earthquake,0.32,0.709999979,0.2,12,automatic,nc,nc
2024-06-05T00:36:00.852Z,31.687,-104.074,6.0486,2.3,ml,16,43,0,0.1,tx,tx2024kzbr,2024-06-05T08:26:39.829Z,"45 km W of Mentone, Texas",earthquake,0.6364562802769136,0.8143832153620187,0.1,28,reviewed,tx,tx
2024-06-05T00:28:55.430Z,61.244,-152.528333333333,8.68,-0.38,ml,4,209,0.03307,0.05,av,av93150676,2024-06-05T19:55:38.020Z,"77 km WNW of Tyonek, Alaska",earthquake,1,0.63,0.0666616637187626,4,reviewed,av,av
2024-06-05T00:20:10.170Z,33.58,-116.8068333,7.64,1.03,ml,48,34,0.0382,0.15,ci,ci40614383,2024-06-05T14:02:52.780Z,"13 km WNW of Anza, CA",earthquake,0.14,0.33,0.147,28,reviewed,ci,ci
2024-06-05T00:15:00.520Z,38.8089981079102,-122.806831359863,12.0100002288818,1.28,md,6,139,0.009066,0.07,nc,nc75016402,2024-06-05T00:16:37.872Z,"6 km NW of The Geysers, CA",earthquake,2.41,8.97000027,0.29,8,automatic,nc,nc
2024-06-05T00:02:53.484Z,59.9655,-151.8052,41.1,2,ml,,,,0.54,ak,ak02477ne10q,2024-06-05T00:05:06.946Z,"4 km WNW of Happy Valley, Alaska",earthquake,,1.4,,,automatic,ak,ak
2024-06-04T23:57:27.940Z,38.8231658935547,-122.814834594727,1.91999995708466,1.07,md,12,74,0.003726,0.02,nc,nc75016392,2024-06-04T23:59:02.959Z,"7 km NNW of The Geysers, CA",earthquake,0.3,0.589999974,0.23,13,automatic,nc,nc
2024-06-04T23:55:17.657Z,57.3462,-154.0441,13.7,1.7,ml,,,,0.31,ak,ak02476duxp1,2024-06-04T23:57:53.858Z,"21 km S of Larsen Bay, Alaska",earthquake,,0.9,,,automatic,ak,ak
2024-06-04T23:51:13.960Z,17.936,-67.0821666666667,7.58,2.58,md,7,262,0.04909,0.06,pr,pr71451503,2024-06-05T00:00:33.950Z,"5 km SW of La Parguera, Puerto Rico",earthquake,1.21,0.3,0.212985990015421,7,reviewed,pr,pr
2024-06-04T23:49:40.510Z,37.8811683654785,-122.256500244141,8.77999973297119,1.35,md,12,71,0.007032,0.03,nc,nc75016387,2024-06-04T23:51:17.903Z,"2 km ENE of Berkeley, CA",earthquake,0.29,0.569999993,0.25,10,automatic,nc,nc
2024-06-04T23:43:11.570Z,60.025,-153.091,-2.97,-0.12,ml,6,114,0.03525,0.31,av,av93150621,2024-06-05T03:26:14.860Z,"62 km ENE of Pedro Bay, Alaska",earthquake,0.61,3.48,0.339448085198856,6,reviewed,av,av
2024-06-04T23:37:35.010Z,58.3141666666667,-154.940833333333,15.02,0.15,ml,6,140,0.1009,0.27,av,av93010389,2024-06-05T03:48:16.080Z,"87 km NNW of Karluk, Alaska",earthquake,1.08,2.01,0.252404985447739,6,reviewed,av,av
2024-06-04T23:36:53.290Z,38.8216667175293,-122.764663696289,2.1800000667572,1.2,md,14,119,0.009701,0.01,nc,nc75016382,2024-06-04T23:38:31.801Z,"4 km W of Cobb, CA",earthquake,0.29,0.519999981,0.18,15,automatic,nc,nc
2024-06-04T23:35:40.970Z,36.8520011901855,-121.438003540039,5.63000011444092,1.35,md,7,104,0.05247,0.03,nc,nc75016372,2024-06-04T23:37:16.708Z,"4 km WNW of Hollister, CA",earthquake,0.37,1.08000004,0.21,7,automatic,nc,nc
2024-06-04T23:27:13.030Z,60.578,-152.6065,13.2,0.33,ml,7,272,0.0425,0.16,av,av93010379,2024-06-05T03:35:07.460Z,"70 km W of Salamatof, Alaska",earthquake,1.15,0.85,0.184342743798204,5,reviewed,av,av
2024-06-04T23:26:31.290Z,35.0308333,-117.6835,-0.84,1.5,ml,41,37,0.09679,0.23,ci,ci40614359,2024-06-04T23:35:24.103Z,"5 km NW of Boron, CA",earthquake,0.33,0.66,0.124,33,automatic,ci,ci
2024-06-04T23:25:06.320Z,33.2678333,-116.2051667,11.28,0.65,ml,27,50,0.08539,0.2,ci,ci40614343,2024-06-04T23:31:02.720Z,"15 km NNW of Ocotillo Wells, CA",earthquake,0.27,0.54,0.163,11,automatic,ci,ci
2024-06-04T23:19:00.212Z,-21.8568,-179.225,567.274,4.8,mb,76,78,3.806,0.81,us,us7000mqd3,2024-06-04T23:36:37.040Z,"Fiji region",earthquake,11.26,7.139,0.07,63,reviewed,us,us
2024-06-04T23:12:58.026Z,60.0438,-151.5942,46,1.3,ml,,,,0.76,ak,ak02476dlt0q,2024-06-04T23:16:16.929Z,"4 km E of Ninilchik, Alaska",earthquake,,1.8,,,automatic,ak,ak
2024-06-04T23:08:25.170Z,38.8121681213379,-122.825996398926,1.82000005245209,1.09,md,22,58,0.004128,0.03,nc,nc75016367,2024-06-04T23:10:02.969Z,"7 km NW of The Geysers, CA",earthquake,0.2,0.400000006,0.25,23,automatic,nc,nc
2024-06-04T23:02:00.424Z,64.9438,-147.2911,0,1.3,ml,,,,0.94,ak,ak02476djjey,2024-06-04T23:03:54.766Z,"14 km WNW of Two Rivers, Alaska",earthquake,,0.4,,,automatic,ak,ak
2024-06-04T22:55:13.267Z,31.646,-104.324,6.1255,1.6,ml,10,63,0.1,0.2,tx,tx2024kyyj,2024-06-05T10:46:36.269Z,"58 km S of Whites City, New Mexico",earthquake,1.419779784957667,1.965123202515663,0.1,13,reviewed,tx,tx
2024-06-04T22:52:58.729Z,36.5315,-98.97166667,7.4,0.76,ml,22,79,0.0449911712,0.09,ok,ok2024kyyg,2024-06-05T18:01:18.006Z,"9 km SW of Waynoka, Oklahoma",earthquake,,0.2,0.18,8,reviewed,ok,ok
2024-06-04T22:50:12.033Z,36.4767,69.0401,10,4.5,mb,49,104,1.959,1.05,us,us7000mqcw,2024-06-04T23:18:37.040Z,"23 km SSW of Khanabad, Afghanistan",earthquake,7.28,1.907,0.09,36,reviewed,us,us
2024-06-04T22:34:58.508Z,11.0477,138.6501,10,4.6,mb,43,141,13.627,0.42,us,us7000mqd0,2024-06-04T23:48:49.040Z,"178 km NNE of Colonia, Micronesia",earthquake,4.77,1.921,0.097,32,reviewed,us,us
2024-06-04T22:25:37.370Z,51.7316666666667,-177.478333333333,1.24,1.21,ml,10,198,0.1541,0.23,av,av93150551,2024-06-05T03:09:23.470Z,"60 km WSW of Adak, Alaska",earthquake,1.2,1.68,0.409863885002963,10,reviewed,av,av
2024-06-04T22:25:13.100Z,46.204,-122.1905,0.91,0.6,ml,13,96,0.004228,0.08,uw,uw62004397,2024-06-05T18:43:43.790Z,"38 km NNE of Amboy, Washington",earthquake,0.57,0.42,0.17202092704397254,8,reviewed,uw,uw
2024-06-04T22:21:35.544Z,59.4293,-151.787,35.7,2.2,ml,,,,0.73,ak,ak02476d294i,2024-06-04T22:24:11.076Z,"4 km WSW of Seldovia, Alaska",earthquake,,5.7,,,automatic,ak,ak
2024-06-04T22:19:55.780Z,33.2653333,-116.42,5.71,0.85,ml,43,35,0.00372,0.23,ci,ci40614271,2024-06-04T22:53:55.465Z,"4 km WNW of Borrego Springs, CA",earthquake,0.22,0.54,0.172,29,reviewed,ci,ci
2024-06-04T22:14:31.482Z,60.8602,-148.9938,6.3,1.5,ml,,,,0.2,ak,ak02476d0qss,2024-06-04T22:16:36.491Z,"13 km SE of Girdwood, Alaska",earthquake,,0.3,,,automatic,ak,ak
2024-06-04T22:11:29.380Z,63.4696,-147.5151,34.1,1.2,ml,,,,0.67,ak,ak02476d03hm,2024-06-04T22:20:14.965Z,"72 km E of Cantwell, Alaska",earthquake,,1.2,,,automatic,ak,ak
2024-06-04T22:08:37.770Z,36.5228,70.5439,160.851,4,mb,23,89,2.309,0.53,us,us7000mqcm,2024-06-04T22:25:10.040Z,"45 km SW of Jurm, Afghanistan",earthquake,9.58,14.827,0.212,6,reviewed,us,us
2024-06-04T22:05:42.070Z,34.0851667,-118.1801667,10.39,2.82,ml,122,23,0.03262,0.19,ci,ci40614255,2024-06-05T20:05:31.347Z,"4 km SSE of Highland Park, CA",earthquake,0.13,0.22,0.193,301,reviewed,ci,ci
2024-06-04T22:01:29.360Z,35.9459991455078,-120.940002441406,9.28999996185303,1.84,md,10,91,0.0888,0.06,nc,nc75016342,2024-06-04T22:03:07.965Z,"9 km SSW of San Ardo, CA",earthquake,0.38,1.09000003,0.26,7,automatic,nc,nc
2024-06-04T21:57:57.780Z,19.2063331604004,-155.374328613281,31.1200008392334,2.05,ml,37,177,0.09721,0.119999997,hv,hv74262466,2024-06-04T22:00:34.870Z,"10 km E of Pāhala, Hawaii",earthquake,0.54,0.560000002,0.25,4,automatic,hv,hv
2024-06-04T21:56:27.370Z,46.1746666666667,-111.941,7.45,1.86,ml,28,51,0.125,0.12,mb,mb90053883,2024-06-04T22:14:00.150Z,"11 km S of Elkhorn, Montana",earthquake,0.27,1.84,0.128114219137245,11,reviewed,mb,mb
2024-06-04T21:39:16.990Z,44.514,-115.202,7.18,2.22,ml,14,73,0.481,0.2,mb,mb90053863,2024-06-04T22:20:45.780Z,"39 km NNW of Stanley, Idaho",earthquake,0.47,1.11,0.246192239044875,22,reviewed,mb,mb
2024-06-04T21:24:17.781Z,60.1512,-148.3846,0,1.6,ml,,,,1.15,ak,ak02476chfaq,2024-06-04T21:27:23.027Z,"22 km WNW of Chenega, Alaska",earthquake,,0.5,,,automatic,ak,ak
2024-06-04T21:15:03.160Z,37.8796653747559,-122.252334594727,8.84000015258789,2.1,md,54,33,0.003461,0.06,nc,nc75016322,2024-06-05T00:47:00.036Z,"2 km ENE of Berkeley, CA",earthquake,0.13,0.270000011,0.13,40,automatic,nc,nc
2024-06-04T21:10:36.800Z,51.7098333333333,-177.471166666667,9.09,0.5,ml,6,220,0.1556,0.12,av,av93010364,2024-06-05T02:45:27.700Z,"60 km WSW of Adak, Alaska",earthquake,1.58,0.74,0.334723913192141,6,reviewed,av,av
2024-06-04T21:10:13.610Z,41.7381666666667,-112.3095,0.59,1.29,md,10,79,0.1281,0.19,uu,uu80071066,2024-06-04T22:24:28.400Z,"5 km NNW of Thatcher, Utah",earthquake,0.62,31.61,0.363595690217791,5,reviewed,uu,uu
2024-06-04T20:59:55.370Z,36.9461,-116.0816,9.4,-0.2,ml,15,89.88,0.006,0.0734,nn,nn00878623,2024-06-05T04:11:30.362Z,"55 km NW of Indian Springs, Nevada",earthquake,,0.9,0.1,3,reviewed,nn,nn
2024-06-04T20:45:03.520Z,38.8235015869141,-122.845336914062,1.55999994277954,0.7,md,8,146,0.00806,0.01,nc,nc75016312,2024-06-04T20:46:41.301Z,"9 km NW of The Geysers, CA",earthquake,0.43,1.10000002,0.17,8,automatic,nc,nc
2024-06-04T20:36:10.450Z,38.8313331604004,-122.817169189453,1.72000002861023,0.53,md,6,147,0.009672,0.01,nc,nc75016307,2024-06-04T20:37:46.138Z,"8 km NNW of The Geysers, CA",earthquake,0.71,1.28999996,0.29,6,automatic,nc,nc
2024-06-04T20:34:34.380Z,38.8311653137207,-122.817665100098,1.77999997138977,0.32,md,13,80,0.009765,0.01,nc,nc75016302,2024-06-04T20:36:11.219Z,"8 km NNW of The Geysers, CA",earthquake,0.32,0.75999999,0.21,14,automatic,nc,nc
2024-06-04T20:29:12.110Z,33.3351667,-116.3573333,11.46,0.99,ml,50,61,0.01176,0.19,ci,ci40614063,2024-06-04T20:58:02.249Z,"9 km N of Borrego Springs, CA",earthquake,0.19,0.42,0.114,24,reviewed,ci,ci
2024-06-04T20:25:34.725Z,61.0675,-148.7612,21,1,ml,,,,0.41,ak,ak02476bw8ps,2024-06-04T20:27:35.339Z,"25 km ENE of Girdwood, Alaska",earthquake,,0.5,,,automatic,ak,ak
2024-06-04T20:20:08.030Z,52.0253333333333,178.415333333333,5.68,1.15,ml,4,343,0.08326,0.14,av,av93150461,2024-06-05T01:01:28.020Z,"Rat Islands, Aleutian Islands, Alaska",earthquake,2.2,2.5,0.221928070358498,4,reviewed,av,av
